<?xml version="1.0" encoding="UTF-8"?>
<!DOCTYPE mapper PUBLIC "-//mybatis.org//DTD Mapper 3.0//EN" "http://mybatis.org/dtd/mybatis-3-mapper.dtd">
<mapper namespace="com.jz.szwtl.plat.mapper.OrganizationSysMapper">
  <resultMap id="BaseResultMap" type="com.jz.szwtl.vo.OrganizationSys">
    <id column="ORGANIZEID" jdbcType="DECIMAL" property="organizeid" />
    <result column="PARENTID" jdbcType="DECIMAL" property="parentid" />
    <result column="NAME" jdbcType="VARCHAR" property="name" />
    <result column="HIERARCHY" jdbcType="VARCHAR" property="hierarchy" />
    <result column="HIERARCHYNAME" jdbcType="VARCHAR" property="hierarchyname" />
    <result column="PRINCIPAL" jdbcType="VARCHAR" property="principal" />
    <result column="LINKMAN" jdbcType="VARCHAR" property="linkman" />
    <result column="CONTACT" jdbcType="VARCHAR" property="contact" />
    <result column="ADDRESS" jdbcType="VARCHAR" property="address" />
    <result column="DESCRIPTION" jdbcType="VARCHAR" property="description" />
    <result column="DISPLAYORDER" jdbcType="VARCHAR" property="displayorder" />
    <result column="CODECNNAME" jdbcType="VARCHAR" property="codecnname" />
    <result column="ORGZTYPE" jdbcType="VARCHAR" property="orgztype" />
    <result column="UNITCODE" jdbcType="VARCHAR" property="unitcode" />
  </resultMap>
  <sql id="Base_Column_List">
    ORGANIZEID, PARENTID, NAME, HIERARCHY, HIERARCHYNAME, PRINCIPAL, LINKMAN, CONTACT, 
    ADDRESS, DESCRIPTION, DISPLAYORDER, CODECNNAME, ORGZTYPE, UNITCODE
  </sql>
  <select id="selectByPrimaryKey" parameterType="java.lang.Long" resultMap="BaseResultMap">
    select 
    <include refid="Base_Column_List" />
    from ORGANIZATION_SYS
    where ORGANIZEID = #{organizeid,jdbcType=DECIMAL}
  </select>
  <delete id="deleteByPrimaryKey" parameterType="java.lang.Long">
    delete from ORGANIZATION_SYS
    where ORGANIZEID = #{organizeid,jdbcType=DECIMAL}
  </delete>
  <insert id="insert" parameterType="com.jz.szwtl.vo.OrganizationSys">
    insert into ORGANIZATION_SYS (ORGANIZEID, PARENTID, NAME,
      HIERARCHY, HIERARCHYNAME, PRINCIPAL,
      LINKMAN, CONTACT, ADDRESS,
      DESCRIPTION, DISPLAYORDER, CODECNNAME,
      ORGZTYPE, UNITCODE)
    select Nvl(max(ORGANIZEID),0)+1,#{parentid,jdbcType=DECIMAL}, #{name,jdbcType=VARCHAR},
      #{hierarchy,jdbcType=VARCHAR}, #{hierarchyname,jdbcType=VARCHAR}, #{principal,jdbcType=VARCHAR},
      #{linkman,jdbcType=VARCHAR}, #{contact,jdbcType=VARCHAR}, #{address,jdbcType=VARCHAR},
      #{description,jdbcType=VARCHAR}, #{displayorder,jdbcType=VARCHAR}, #{codecnname,jdbcType=VARCHAR},
      #{orgztype,jdbcType=VARCHAR}, #{unitcode,jdbcType=VARCHAR} from ORGANIZATION_SYS

  </insert>
  <insert id="insertSelective" parameterType="com.jz.szwtl.vo.OrganizationSys">
    insert into ORGANIZATION_SYS
    <trim prefix="(" suffix=")" suffixOverrides=",">
        ORGANIZEID,
      <if test="parentid != null">
        PARENTID,
      </if>
      <if test="name != null">
        NAME,
      </if>
      <if test="hierarchy != null">
        HIERARCHY,
      </if>
      <if test="hierarchyname != null">
        HIERARCHYNAME,
      </if>
      <if test="principal != null">
        PRINCIPAL,
      </if>
      <if test="linkman != null">
        LINKMAN,
      </if>
      <if test="contact != null">
        CONTACT,
      </if>
      <if test="address != null">
        ADDRESS,
      </if>
      <if test="description != null">
        DESCRIPTION,
      </if>
      <if test="displayorder != null">
        DISPLAYORDER,
      </if>
      <if test="codecnname != null">
        CODECNNAME,
      </if>
      <if test="orgztype != null">
        ORGZTYPE,
      </if>
      <if test="unitcode != null">
        UNITCODE,
      </if>
    </trim>
    <trim prefix="values (" suffix=")" suffixOverrides=",">
        select Nvl(max(ORGANIZEID),0)+1,
      <if test="parentid != null">
        #{parentid,jdbcType=DECIMAL},
      </if>
      <if test="name != null">
        #{name,jdbcType=VARCHAR},
      </if>
      <if test="hierarchy != null">
        #{hierarchy,jdbcType=VARCHAR},
      </if>
      <if test="hierarchyname != null">
        #{hierarchyname,jdbcType=VARCHAR},
      </if>
      <if test="principal != null">
        #{principal,jdbcType=VARCHAR},
      </if>
      <if test="linkman != null">
        #{linkman,jdbcType=VARCHAR},
      </if>
      <if test="contact != null">
        #{contact,jdbcType=VARCHAR},
      </if>
      <if test="address != null">
        #{address,jdbcType=VARCHAR},
      </if>
      <if test="description != null">
        #{description,jdbcType=VARCHAR},
      </if>
      <if test="displayorder != null">
        #{displayorder,jdbcType=VARCHAR},
      </if>
      <if test="codecnname != null">
        #{codecnname,jdbcType=VARCHAR},
      </if>
      <if test="orgztype != null">
        #{orgztype,jdbcType=VARCHAR},
      </if>
      <if test="unitcode != null">
        #{unitcode,jdbcType=VARCHAR},
      </if>
    </trim>
  </insert>
  <update id="updateByPrimaryKeySelective" parameterType="com.jz.szwtl.vo.OrganizationSys">
    update ORGANIZATION_SYS
    <set>
      <if test="parentid != null">
        PARENTID = #{parentid,jdbcType=DECIMAL},
      </if>
      <if test="name != null">
        NAME = #{name,jdbcType=VARCHAR},
      </if>
      <if test="hierarchy != null">
        HIERARCHY = #{hierarchy,jdbcType=VARCHAR},
      </if>
      <if test="hierarchyname != null">
        HIERARCHYNAME = #{hierarchyname,jdbcType=VARCHAR},
      </if>
      <if test="principal != null">
        PRINCIPAL = #{principal,jdbcType=VARCHAR},
      </if>
      <if test="linkman != null">
        LINKMAN = #{linkman,jdbcType=VARCHAR},
      </if>
      <if test="contact != null">
        CONTACT = #{contact,jdbcType=VARCHAR},
      </if>
      <if test="address != null">
        ADDRESS = #{address,jdbcType=VARCHAR},
      </if>
      <if test="description != null">
        DESCRIPTION = #{description,jdbcType=VARCHAR},
      </if>
      <if test="displayorder != null">
        DISPLAYORDER = #{displayorder,jdbcType=VARCHAR},
      </if>
      <if test="codecnname != null">
        CODECNNAME = #{codecnname,jdbcType=VARCHAR},
      </if>
      <if test="orgztype != null">
        ORGZTYPE = #{orgztype,jdbcType=VARCHAR},
      </if>
      <if test="unitcode != null">
        UNITCODE = #{unitcode,jdbcType=VARCHAR},
      </if>
    </set>
    where ORGANIZEID = #{organizeid,jdbcType=DECIMAL}
  </update>
  <update id="updateByPrimaryKey" parameterType="com.jz.szwtl.vo.OrganizationSys">
    update ORGANIZATION_SYS
    set PARENTID = #{parentid,jdbcType=DECIMAL},
      NAME = #{name,jdbcType=VARCHAR},
      HIERARCHY = #{hierarchy,jdbcType=VARCHAR},
      HIERARCHYNAME = #{hierarchyname,jdbcType=VARCHAR},
      PRINCIPAL = #{principal,jdbcType=VARCHAR},
      LINKMAN = #{linkman,jdbcType=VARCHAR},
      CONTACT = #{contact,jdbcType=VARCHAR},
      ADDRESS = #{address,jdbcType=VARCHAR},
      DESCRIPTION = #{description,jdbcType=VARCHAR},
      DISPLAYORDER = #{displayorder,jdbcType=VARCHAR},
      CODECNNAME = #{codecnname,jdbcType=VARCHAR},
      ORGZTYPE = #{orgztype,jdbcType=VARCHAR},
      UNITCODE = #{unitcode,jdbcType=VARCHAR}
    where ORGANIZEID = #{organizeid,jdbcType=DECIMAL}
  </update>
  <select id="getMaxChildHierarchy" resultType="string">
    select
     max(hierarchy)
    from ORGANIZATION_SYS
    where substr(hierarchy,1,#{parentHierarchyLen})=#{hierarchy}
          and length(hierarchy)=#{childHierarchyLen}
  </select>
  <select id="findAll" resultMap="BaseResultMap">
     select <include refid="Base_Column_List"/> from ORGANIZATION_SYS order  by displayorder asc
  </select>

  <select id="selectChildrenByParentid" resultMap="BaseResultMap">
     select <include refid="Base_Column_List"/> from ORGANIZATION_SYS where PARENTID = #{parentId} order  by displayorder asc
  </select>
</mapper>