<?xml version="1.0" encoding="UTF-8"?>
<!DOCTYPE mapper PUBLIC "-//mybatis.org//DTD Mapper 3.0//EN" "http://mybatis.org/dtd/mybatis-3-mapper.dtd">
<mapper namespace="com.jz.szwtl.plat.mapper.SystemuserSysMapper">
  <resultMap id="BaseResultMap" type="com.jz.szwtl.vo.SystemuserSys">
    <id column="USERID" jdbcType="DECIMAL" property="userid" />
    <result column="LOGINID" jdbcType="VARCHAR" property="loginid" />
    <result column="PASSWORD" jdbcType="VARCHAR" property="password" />
    <result column="NAME" jdbcType="VARCHAR" property="name" />
    <result column="SEX" jdbcType="DECIMAL" property="sex" />
    <result column="ORGANIZEID" jdbcType="DECIMAL" property="organizeid" />
    <result column="HIERARCHY" jdbcType="VARCHAR" property="hierarchy" />
    <result column="HIERARCHYNAME" jdbcType="VARCHAR" property="hierarchyname" />
    <result column="CONTACT" jdbcType="VARCHAR" property="contact" />
    <result column="EMAIL" jdbcType="VARCHAR" property="email" />
    <result column="OFFICEPHONE" jdbcType="VARCHAR" property="officephone" />
    <result column="MOBILE" jdbcType="VARCHAR" property="mobile" />
    <result column="EXPIREDATE" jdbcType="TIMESTAMP" property="expiredate" />
    <result column="LASTLOGINTIME" jdbcType="TIMESTAMP" property="lastlogintime" />
    <result column="CREATOR" jdbcType="VARCHAR" property="creator" />
    <result column="CREATETIME" jdbcType="TIMESTAMP" property="createtime" />
    <result column="STATE" jdbcType="DECIMAL" property="state" />
    <result column="DISPLAYMETHOD" jdbcType="DECIMAL" property="displaymethod" />
    <result column="DISPLAYORDER" jdbcType="VARCHAR" property="displayorder" />
    <result column="DESCRIPTION" jdbcType="VARCHAR" property="description" />
  </resultMap>
  <sql id="Base_Column_List">
    USERID, LOGINID, PASSWORD, NAME, SEX, ORGANIZEID, HIERARCHY, HIERARCHYNAME,
    CONTACT, EMAIL, OFFICEPHONE, MOBILE, EXPIREDATE, LASTLOGINTIME, CREATOR, CREATETIME, 
    STATE, DISPLAYMETHOD, DISPLAYORDER, DESCRIPTION
  </sql>
  <select id="selectByPrimaryKey" parameterType="java.lang.Long" resultMap="BaseResultMap">
    select 
    <include refid="Base_Column_List" />
    from SYSTEMUSER_SYS
    where USERID = #{userid,jdbcType=DECIMAL}
  </select>
  <delete id="deleteByPrimaryKey" parameterType="java.lang.Long">
    delete from SYSTEMUSER_SYS
    where USERID = #{userid,jdbcType=DECIMAL}
  </delete>
  <insert id="insert" parameterType="com.jz.szwtl.vo.SystemuserSys">
    insert into SYSTEMUSER_SYS (USERID, LOGINID, PASSWORD, 
      NAME, SEX,
      ORGANIZEID, HIERARCHY, HIERARCHYNAME, 
      CONTACT, EMAIL, OFFICEPHONE, 
      MOBILE, EXPIREDATE, LASTLOGINTIME, 
      CREATOR, CREATETIME, STATE, 
      DISPLAYMETHOD, DISPLAYORDER, DESCRIPTION)
    select Nvl(max(userid),0)+1, #{loginid,jdbcType=VARCHAR}, #{password,jdbcType=VARCHAR},
      #{name,jdbcType=VARCHAR}, #{sex,jdbcType=DECIMAL},
      #{organizeid,jdbcType=DECIMAL}, #{hierarchy,jdbcType=VARCHAR}, #{hierarchyname,jdbcType=VARCHAR}, 
      #{contact,jdbcType=VARCHAR}, #{email,jdbcType=VARCHAR}, #{officephone,jdbcType=VARCHAR}, 
      #{mobile,jdbcType=VARCHAR}, #{expiredate,jdbcType=TIMESTAMP}, #{lastlogintime,jdbcType=TIMESTAMP}, 
      #{creator,jdbcType=VARCHAR}, #{createtime,jdbcType=TIMESTAMP}, #{state,jdbcType=DECIMAL}, 
      #{displaymethod,jdbcType=DECIMAL}, #{displayorder,jdbcType=VARCHAR}, #{description,jdbcType=VARCHAR}
      from SYSTEMUSER_SYS
  </insert>
  <insert id="insertSelective" parameterType="com.jz.szwtl.vo.SystemuserSys">
    insert into SYSTEMUSER_SYS
    <trim prefix="(" suffix=")" suffixOverrides=",">
        USERID,
      <if test="loginid != null">
        LOGINID,
      </if>
      <if test="password != null">
        PASSWORD,
      </if>
      <if test="name != null">
        NAME,
      </if>
      <if test="sex != null">
        SEX,
      </if>
      <if test="organizeid != null">
        ORGANIZEID,
      </if>
      <if test="hierarchy != null">
        HIERARCHY,
      </if>
      <if test="hierarchyname != null">
        HIERARCHYNAME,
      </if>
      <if test="contact != null">
        CONTACT,
      </if>
      <if test="email != null">
        EMAIL,
      </if>
      <if test="officephone != null">
        OFFICEPHONE,
      </if>
      <if test="mobile != null">
        MOBILE,
      </if>
      <if test="expiredate != null">
        EXPIREDATE,
      </if>
      <if test="lastlogintime != null">
        LASTLOGINTIME,
      </if>
      <if test="creator != null">
        CREATOR,
      </if>
      <if test="createtime != null">
        CREATETIME,
      </if>
      <if test="state != null">
        STATE,
      </if>
      <if test="displaymethod != null">
        DISPLAYMETHOD,
      </if>
      <if test="displayorder != null">
        DISPLAYORDER,
      </if>
      <if test="description != null">
        DESCRIPTION,
      </if>
    </trim>
    <trim prefix="values (" suffix=")" suffixOverrides=",">
      select Nvl(max(userid),0)+1,
      <if test="loginid != null">
        #{loginid,jdbcType=VARCHAR},
      </if>
      <if test="password != null">
        #{password,jdbcType=VARCHAR},
      </if>
      <if test="name != null">
        #{name,jdbcType=VARCHAR},
      </if>
      <if test="sex != null">
        #{sex,jdbcType=DECIMAL},
      </if>
      <if test="organizeid != null">
        #{organizeid,jdbcType=DECIMAL},
      </if>
      <if test="hierarchy != null">
        #{hierarchy,jdbcType=VARCHAR},
      </if>
      <if test="hierarchyname != null">
        #{hierarchyname,jdbcType=VARCHAR},
      </if>
      <if test="contact != null">
        #{contact,jdbcType=VARCHAR},
      </if>
      <if test="email != null">
        #{email,jdbcType=VARCHAR},
      </if>
      <if test="officephone != null">
        #{officephone,jdbcType=VARCHAR},
      </if>
      <if test="mobile != null">
        #{mobile,jdbcType=VARCHAR},
      </if>
      <if test="expiredate != null">
        #{expiredate,jdbcType=TIMESTAMP},
      </if>
      <if test="lastlogintime != null">
        #{lastlogintime,jdbcType=TIMESTAMP},
      </if>
      <if test="creator != null">
        #{creator,jdbcType=VARCHAR},
      </if>
      <if test="createtime != null">
        #{createtime,jdbcType=TIMESTAMP},
      </if>
      <if test="state != null">
        #{state,jdbcType=DECIMAL},
      </if>
      <if test="displaymethod != null">
        #{displaymethod,jdbcType=DECIMAL},
      </if>
      <if test="displayorder != null">
        #{displayorder,jdbcType=VARCHAR},
      </if>
      <if test="description != null">
        #{description,jdbcType=VARCHAR},
      </if>
    </trim>
  </insert>
  <update id="updateByPrimaryKeySelective" parameterType="com.jz.szwtl.vo.SystemuserSys">
    update SYSTEMUSER_SYS
    <set>
      <if test="loginid != null">
        LOGINID = #{loginid,jdbcType=VARCHAR},
      </if>
      <if test="password != null">
        PASSWORD = #{password,jdbcType=VARCHAR},
      </if>
      <if test="name != null">
        NAME = #{name,jdbcType=VARCHAR},
      </if>
      <if test="sex != null">
        SEX = #{sex,jdbcType=DECIMAL},
      </if>
      <if test="organizeid != null">
        ORGANIZEID = #{organizeid,jdbcType=DECIMAL},
      </if>
      <if test="hierarchy != null">
        HIERARCHY = #{hierarchy,jdbcType=VARCHAR},
      </if>
      <if test="hierarchyname != null">
        HIERARCHYNAME = #{hierarchyname,jdbcType=VARCHAR},
      </if>
      <if test="contact != null">
        CONTACT = #{contact,jdbcType=VARCHAR},
      </if>
      <if test="email != null">
        EMAIL = #{email,jdbcType=VARCHAR},
      </if>
      <if test="officephone != null">
        OFFICEPHONE = #{officephone,jdbcType=VARCHAR},
      </if>
      <if test="mobile != null">
        MOBILE = #{mobile,jdbcType=VARCHAR},
      </if>
      <if test="expiredate != null">
        EXPIREDATE = #{expiredate,jdbcType=TIMESTAMP},
      </if>
      <if test="lastlogintime != null">
        LASTLOGINTIME = #{lastlogintime,jdbcType=TIMESTAMP},
      </if>
      <if test="creator != null">
        CREATOR = #{creator,jdbcType=VARCHAR},
      </if>
      <if test="createtime != null">
        CREATETIME = #{createtime,jdbcType=TIMESTAMP},
      </if>
      <if test="state != null">
        STATE = #{state,jdbcType=DECIMAL},
      </if>
      <if test="displaymethod != null">
        DISPLAYMETHOD = #{displaymethod,jdbcType=DECIMAL},
      </if>
      <if test="displayorder != null">
        DISPLAYORDER = #{displayorder,jdbcType=VARCHAR},
      </if>
      <if test="description != null">
        DESCRIPTION = #{description,jdbcType=VARCHAR},
      </if>

    </set>
    where USERID = #{userid,jdbcType=DECIMAL}
  </update>
  <update id="updateByPrimaryKey" parameterType="com.jz.szwtl.vo.SystemuserSys">
    update SYSTEMUSER_SYS
    set NAME = #{name,jdbcType=VARCHAR},
      SEX = #{sex,jdbcType=DECIMAL},
      CONTACT = #{contact,jdbcType=VARCHAR},
      EMAIL = #{email,jdbcType=VARCHAR},
      OFFICEPHONE = #{officephone,jdbcType=VARCHAR},
      MOBILE = #{mobile,jdbcType=VARCHAR},
      EXPIREDATE = #{expiredate,jdbcType=TIMESTAMP},
      CREATETIME = #{createtime,jdbcType=TIMESTAMP},
      STATE = #{state,jdbcType=DECIMAL},
      DESCRIPTION = #{description,jdbcType=VARCHAR}
    where USERID = #{userid,jdbcType=DECIMAL}
  </update>

  <select id="findAll" resultMap="BaseResultMap">
     select * from SYSTEMUSER_SYS order  by displayorder asc
  </select>

  <select id="getMaxChildHierarchy" resultType="string">
    select
     max(hierarchy)
    from SYSTEMUSER_SYS
    where substr(hierarchy,1,#{parentHierarchyLen})=#{hierarchy}
          and length(hierarchy)=#{childHierarchyLen}
  </select>

  <select id="selectByLoginid" parameterType="string" resultMap="BaseResultMap">
    select
    <include refid="Base_Column_List" />
    from SYSTEMUSER_SYS
    where LOGINID = #{loginid,jdbcType=DECIMAL}
  </select>
  <update id="updatepassword">
    update SYSTEMUSER_SYS set password = #{password} where userid=#{userid}
  </update>

  <select id="selectChildrenByParentid" resultMap="BaseResultMap">
    select <include refid="Base_Column_List"/> from SYSTEMUSER_SYS where organizeid = #{organizeid} order  by displayorder asc
  </select>
</mapper>