<?xml version="1.0" encoding="UTF-8"?>
<!DOCTYPE mapper PUBLIC "-//mybatis.org//DTD Mapper 3.0//EN" "http://mybatis.org/dtd/mybatis-3-mapper.dtd">
<mapper namespace="com.jz.szwtl.plat.mapper.UsergroupdefineSysMapper">
  <resultMap id="BaseResultMap" type="com.jz.szwtl.vo.UsergroupdefineSys">
    <id column="GROUPID" jdbcType="DECIMAL" property="groupid" />
    <result column="GROUPCLASSID" jdbcType="DECIMAL" property="groupclassid" />
    <result column="GROUPNAME" jdbcType="VARCHAR" property="groupname" />
    <result column="HIERARCHY" jdbcType="VARCHAR" property="hierarchy" />
    <result column="HIERARCHYNAME" jdbcType="VARCHAR" property="hierarchyname" />
    <result column="DESCRIPTION" jdbcType="VARCHAR" property="description" />
    <result column="DISPLAYORDER" jdbcType="VARCHAR" property="displayorder" />
  </resultMap>
  <sql id="Base_Column_List">
    GROUPID, GROUPCLASSID, GROUPNAME, HIERARCHY, HIERARCHYNAME, DESCRIPTION, DISPLAYORDER
  </sql>
  <select id="selectByPrimaryKey" parameterType="java.lang.Long" resultMap="BaseResultMap">
    select 
    <include refid="Base_Column_List" />
    from USERGROUPDEFINE_SYS
    where GROUPID = #{groupid,jdbcType=DECIMAL}
  </select>
  <delete id="deleteByPrimaryKey" parameterType="java.lang.Long">
    delete from USERGROUPDEFINE_SYS
    where GROUPID = #{groupid,jdbcType=DECIMAL}
  </delete>
  <insert id="insert" parameterType="com.jz.szwtl.vo.UsergroupdefineSys">
    insert into USERGROUPDEFINE_SYS (GROUPID, GROUPCLASSID, GROUPNAME, 
      HIERARCHY, HIERARCHYNAME, DESCRIPTION, 
      DISPLAYORDER)
    values (#{groupid,jdbcType=DECIMAL}, #{groupclassid,jdbcType=DECIMAL}, #{groupname,jdbcType=VARCHAR}, 
      #{hierarchy,jdbcType=VARCHAR}, #{hierarchyname,jdbcType=VARCHAR}, #{description,jdbcType=VARCHAR}, 
      #{displayorder,jdbcType=VARCHAR})
  </insert>
  <insert id="insertSelective" parameterType="com.jz.szwtl.vo.UsergroupdefineSys">
    insert into USERGROUPDEFINE_SYS
    <trim prefix="(" suffix=")" suffixOverrides=",">
      <if test="groupid != null">
        GROUPID,
      </if>
      <if test="groupclassid != null">
        GROUPCLASSID,
      </if>
      <if test="groupname != null">
        GROUPNAME,
      </if>
      <if test="hierarchy != null">
        HIERARCHY,
      </if>
      <if test="hierarchyname != null">
        HIERARCHYNAME,
      </if>
      <if test="description != null">
        DESCRIPTION,
      </if>
      <if test="displayorder != null">
        DISPLAYORDER,
      </if>
    </trim>
    <trim prefix="values (" suffix=")" suffixOverrides=",">
      <if test="groupid != null">
        #{groupid,jdbcType=DECIMAL},
      </if>
      <if test="groupclassid != null">
        #{groupclassid,jdbcType=DECIMAL},
      </if>
      <if test="groupname != null">
        #{groupname,jdbcType=VARCHAR},
      </if>
      <if test="hierarchy != null">
        #{hierarchy,jdbcType=VARCHAR},
      </if>
      <if test="hierarchyname != null">
        #{hierarchyname,jdbcType=VARCHAR},
      </if>
      <if test="description != null">
        #{description,jdbcType=VARCHAR},
      </if>
      <if test="displayorder != null">
        #{displayorder,jdbcType=VARCHAR},
      </if>
    </trim>
  </insert>
  <update id="updateByPrimaryKeySelective" parameterType="com.jz.szwtl.vo.UsergroupdefineSys">
    update USERGROUPDEFINE_SYS
    <set>
      <if test="groupclassid != null">
        GROUPCLASSID = #{groupclassid,jdbcType=DECIMAL},
      </if>
      <if test="groupname != null">
        GROUPNAME = #{groupname,jdbcType=VARCHAR},
      </if>
      <if test="hierarchy != null">
        HIERARCHY = #{hierarchy,jdbcType=VARCHAR},
      </if>
      <if test="hierarchyname != null">
        HIERARCHYNAME = #{hierarchyname,jdbcType=VARCHAR},
      </if>
      <if test="description != null">
        DESCRIPTION = #{description,jdbcType=VARCHAR},
      </if>
      <if test="displayorder != null">
        DISPLAYORDER = #{displayorder,jdbcType=VARCHAR},
      </if>
    </set>
    where GROUPID = #{groupid,jdbcType=DECIMAL}
  </update>
  <update id="updateByPrimaryKey" parameterType="com.jz.szwtl.vo.UsergroupdefineSys">
    update USERGROUPDEFINE_SYS
    set GROUPCLASSID = #{groupclassid,jdbcType=DECIMAL},
      GROUPNAME = #{groupname,jdbcType=VARCHAR},
      HIERARCHY = #{hierarchy,jdbcType=VARCHAR},
      HIERARCHYNAME = #{hierarchyname,jdbcType=VARCHAR},
      DESCRIPTION = #{description,jdbcType=VARCHAR},
      DISPLAYORDER = #{displayorder,jdbcType=VARCHAR}
    where GROUPID = #{groupid,jdbcType=DECIMAL}
  </update>

</mapper>