<?xml version="1.0" encoding="UTF-8"?>
<!DOCTYPE mapper PUBLIC "-//mybatis.org//DTD Mapper 3.0//EN" "http://mybatis.org/dtd/mybatis-3-mapper.dtd">
<mapper namespace="com.jz.szwtl.plat.mapper.UsergroupclassdefineSysMapper">
  <resultMap id="BaseResultMap" type="com.jz.szwtl.vo.UsergroupclassdefineSys">
    <id column="ID" jdbcType="DECIMAL" property="id" />
    <result column="PARENTID" jdbcType="DECIMAL" property="parentid" />
    <result column="NAME" jdbcType="VARCHAR" property="name" />
    <result column="HIERARCHY" jdbcType="VARCHAR" property="hierarchy" />
    <result column="HIERARCHYNAME" jdbcType="VARCHAR" property="hierarchyname" />
    <result column="DESCRIPTION" jdbcType="VARCHAR" property="description" />
    <result column="DISPLAYORDER" jdbcType="VARCHAR" property="displayorder" />
  </resultMap>
  <sql id="Base_Column_List">
    ID, PARENTID, NAME, HIERARCHY, HIERARCHYNAME, DESCRIPTION, DISPLAYORDER
  </sql>
  <select id="selectByPrimaryKey" parameterType="java.lang.Long" resultMap="BaseResultMap">
    select 
    <include refid="Base_Column_List" />
    from USERGROUPCLASSDEFINE_SYS
    where ID = #{id,jdbcType=DECIMAL}
  </select>
  <delete id="deleteByPrimaryKey" parameterType="java.lang.Long">
    delete from USERGROUPCLASSDEFINE_SYS
    where ID = #{id,jdbcType=DECIMAL}
  </delete>
  <insert id="insert" parameterType="com.jz.szwtl.vo.UsergroupclassdefineSys">
    insert into USERGROUPCLASSDEFINE_SYS (ID, PARENTID, NAME, 
      HIERARCHY, HIERARCHYNAME, DESCRIPTION, 
      DISPLAYORDER)
    values (#{id,jdbcType=DECIMAL}, #{parentid,jdbcType=DECIMAL}, #{name,jdbcType=VARCHAR}, 
      #{hierarchy,jdbcType=VARCHAR}, #{hierarchyname,jdbcType=VARCHAR}, #{description,jdbcType=VARCHAR}, 
      #{displayorder,jdbcType=VARCHAR})
  </insert>
  <insert id="insertSelective" parameterType="com.jz.szwtl.vo.UsergroupclassdefineSys">
    insert into USERGROUPCLASSDEFINE_SYS
    <trim prefix="(" suffix=")" suffixOverrides=",">
      <if test="id != null">
        ID,
      </if>
      <if test="parentid != null">
        PARENTID,
      </if>
      <if test="name != null">
        NAME,
      </if>
      <if test="hierarchy != null">
        HIERARCHY,
      </if>
      <if test="hierarchyname != null">
        HIERARCHYNAME,
      </if>
      <if test="description != null">
        DESCRIPTION,
      </if>
      <if test="displayorder != null">
        DISPLAYORDER,
      </if>
    </trim>
    <trim prefix="values (" suffix=")" suffixOverrides=",">
      <if test="id != null">
        #{id,jdbcType=DECIMAL},
      </if>
      <if test="parentid != null">
        #{parentid,jdbcType=DECIMAL},
      </if>
      <if test="name != null">
        #{name,jdbcType=VARCHAR},
      </if>
      <if test="hierarchy != null">
        #{hierarchy,jdbcType=VARCHAR},
      </if>
      <if test="hierarchyname != null">
        #{hierarchyname,jdbcType=VARCHAR},
      </if>
      <if test="description != null">
        #{description,jdbcType=VARCHAR},
      </if>
      <if test="displayorder != null">
        #{displayorder,jdbcType=VARCHAR},
      </if>
    </trim>
  </insert>
  <update id="updateByPrimaryKeySelective" parameterType="com.jz.szwtl.vo.UsergroupclassdefineSys">
    update USERGROUPCLASSDEFINE_SYS
    <set>
      <if test="parentid != null">
        PARENTID = #{parentid,jdbcType=DECIMAL},
      </if>
      <if test="name != null">
        NAME = #{name,jdbcType=VARCHAR},
      </if>
      <if test="hierarchy != null">
        HIERARCHY = #{hierarchy,jdbcType=VARCHAR},
      </if>
      <if test="hierarchyname != null">
        HIERARCHYNAME = #{hierarchyname,jdbcType=VARCHAR},
      </if>
      <if test="description != null">
        DESCRIPTION = #{description,jdbcType=VARCHAR},
      </if>
      <if test="displayorder != null">
        DISPLAYORDER = #{displayorder,jdbcType=VARCHAR},
      </if>
    </set>
    where ID = #{id,jdbcType=DECIMAL}
  </update>
  <update id="updateByPrimaryKey" parameterType="com.jz.szwtl.vo.UsergroupclassdefineSys">
    update USERGROUPCLASSDEFINE_SYS
    set PARENTID = #{parentid,jdbcType=DECIMAL},
      NAME = #{name,jdbcType=VARCHAR},
      HIERARCHY = #{hierarchy,jdbcType=VARCHAR},
      HIERARCHYNAME = #{hierarchyname,jdbcType=VARCHAR},
      DESCRIPTION = #{description,jdbcType=VARCHAR},
      DISPLAYORDER = #{displayorder,jdbcType=VARCHAR}
    where ID = #{id,jdbcType=DECIMAL}
  </update>

</mapper>