<?xml version="1.0" encoding="UTF-8"?>
<!DOCTYPE mapper PUBLIC "-//mybatis.org//DTD Mapper 3.0//EN" "http://mybatis.org/dtd/mybatis-3-mapper.dtd">
<mapper namespace="com.jz.szwtl.plat.mapper.UsergroupmemberdefineSysMapper">
  <resultMap id="BaseResultMap" type="com.jz.szwtl.vo.UsergroupmemberdefineSys">
    <result column="GROUPID" jdbcType="DECIMAL" property="groupid" />
    <result column="USERID" jdbcType="VARCHAR" property="userid" />
    <result column="ORDERINDEX" jdbcType="DECIMAL" property="orderindex" />
  </resultMap>
  <insert id="insert" parameterType="com.jz.szwtl.vo.UsergroupmemberdefineSys">
    insert into USERGROUPMEMBERDEFINE_SYS (GROUPID, USERID, ORDERINDEX
      )
    values (#{groupid,jdbcType=DECIMAL}, #{userid,jdbcType=VARCHAR}, #{orderindex,jdbcType=DECIMAL}
      )
  </insert>
  <insert id="insertSelective" parameterType="com.jz.szwtl.vo.UsergroupmemberdefineSys">
    insert into USERGROUPMEMBERDEFINE_SYS
    <trim prefix="(" suffix=")" suffixOverrides=",">
      <if test="groupid != null">
        GROUPID,
      </if>
      <if test="userid != null">
        USERID,
      </if>
      <if test="orderindex != null">
        ORDERINDEX,
      </if>
    </trim>
    <trim prefix="values (" suffix=")" suffixOverrides=",">
      <if test="groupid != null">
        #{groupid,jdbcType=DECIMAL},
      </if>
      <if test="userid != null">
        #{userid,jdbcType=VARCHAR},
      </if>
      <if test="orderindex != null">
        #{orderindex,jdbcType=DECIMAL},
      </if>
    </trim>
  </insert>

</mapper>