<?xml version="1.0" encoding="UTF-8" ?>
<!DOCTYPE mapper PUBLIC "-//mybatis.org//DTD Mapper 3.0//EN" "http://mybatis.org/dtd/mybatis-3-mapper.dtd" >
<mapper namespace="com.jz.szwtl.plat.mapper.UsergrouproleMapper" >
  <resultMap id="BaseResultMap" type="com.jz.szwtl.vo.UsergrouproleKey" >
    <id column="USERID" property="userid" jdbcType="DECIMAL" />
    <id column="GROUPID" property="groupid" jdbcType="DECIMAL" />
    <id column="ROLEID" property="roleid" jdbcType="DECIMAL" />
  </resultMap>
  <delete id="deleteByPrimaryKey" parameterType="com.jz.szwtl.vo.UsergrouproleKey" >
    delete from USERGROUPROLE
    where USERID = #{userid,jdbcType=DECIMAL}
      and GROUPID = #{groupid,jdbcType=DECIMAL}
      and ROLEID = #{roleid,jdbcType=DECIMAL}
  </delete>
  <insert id="insert" parameterType="com.jz.szwtl.vo.UsergrouproleKey" >
    insert into USERGROUPROLE (USERID, GROUPID, ROLEID
      )
    values (#{userid,jdbcType=DECIMAL}, #{groupid,jdbcType=DECIMAL}, #{roleid,jdbcType=DECIMAL}
      )
  </insert>
  <insert id="insertSelective" parameterType="com.jz.szwtl.vo.UsergrouproleKey" >
    insert into USERGROUPROLE
    <trim prefix="(" suffix=")" suffixOverrides="," >
      <if test="userid != null" >
        USERID,
      </if>
      <if test="groupid != null" >
        GROUPID,
      </if>
      <if test="roleid != null" >
        ROLEID,
      </if>
    </trim>
    <trim prefix="values (" suffix=")" suffixOverrides="," >
      <if test="userid != null" >
        #{userid,jdbcType=DECIMAL},
      </if>
      <if test="groupid != null" >
        #{groupid,jdbcType=DECIMAL},
      </if>
      <if test="roleid != null" >
        #{roleid,jdbcType=DECIMAL},
      </if>
    </trim>
  </insert>
</mapper>