<?xml version="1.0" encoding="UTF-8"?>
<!DOCTYPE generatorConfiguration PUBLIC "-//mybatis.org//DTD MyBatis Generator Configuration 1.0//EN"
        "http://mybatis.org/dtd/mybatis-generator-config_1_0.dtd">
<generatorConfiguration>
    <classPathEntry location="D:\apache-maven-3.0.5\repo\com\oracle\ojdbc6\11.1.0.6.0\ojdbc6-11.1.0.6.0.jar"/>



    <context id="MySQLTables" targetRuntime="MyBatis3">

        <!-- mybatis分页插件 -->
        <!-- <plugin type="org.mybatis.generator.plugins.RowBoundsPlugin"></plugin> -->
        <!-- 在实现MySQL分页时更推荐使用select语句的limit来实现分页，然而MyBatis Generator目前并没有提供这样的插件。好在MyBatis
            Generator支持插件扩展，我们可以自己实现一个基于limit来分页的插件。 <plugin type="com.znx.jrfp.plugin.MySQLPaginationPlugin"
            /> -->
        <property name="autoDelimitKeywords" value="false"/>
        <!-- 生成的Java文件的编码 -->
        <property name="javaFileEncoding" value="UTF-8"/>
        <!-- 格式化java代码 -->
        <property name="javaFormatter"
                  value="org.mybatis.generator.api.dom.DefaultJavaFormatter"/>
        <!-- 格式化XML代码 -->
        <property name="xmlFormatter"
                  value="org.mybatis.generator.api.dom.DefaultXmlFormatter"/>
        <!--序列化-->
        <plugin type="org.mybatis.generator.plugins.SerializablePlugin"/>
        <!-- 使用自定义的插件 -->
        <plugin type="com.longmap.szwtl.mybatis.LombokPlugin"/>
        <!-- 使用自定义的插件 -->
        <commentGenerator type="com.longmap.szwtl.mybatis.MyCommentGenerator">
            <!-- 是否去除自动生成的注释 true：是 ： false:否 -->
            <property name="suppressAllComments" value="false"/>
            <!-- 不希望生成的注释中包含时间戳 -->
            <property name="suppressDate" value="true"/>
            <!-- 是否 自动为每一个生成的类创建一个构造方法 -->
            <property name="constructorBased" value="false"/>
        </commentGenerator>
        <jdbcConnection connectionURL="jdbc:oracle:thin:@192.168.22.107:1521:orcl"
                        driverClass="oracle.jdbc.driver.OracleDriver" password="clubplat" userId="clubplat">
            <!-- 针对oracle数据库 -->
            <property name="remarksReporting" value="true"></property>
        </jdbcConnection>

        <javaModelGenerator targetPackage="com.longmap.szwtl.vo"
                            targetProject="D:\May\workspace\szwtl-platfrom\entitypojo\src\main\java"/>

        <sqlMapGenerator targetPackage="mapper"
                         targetProject="D:\May\workspace\szwtl-platfrom\modules\club-server\src\main\resources"/>

        <javaClientGenerator targetPackage="com.longmap.szwtl.club.mapper"
                             targetProject="D:\May\workspace\szwtl-platfrom\modules\club-server\src\main\java"
                             type="XMLMAPPER"/>




        <!--&lt;!&ndash;社团信息&ndash;&gt;
        <table schema="clubplat" tableName="T_CLUB_INFO" domainObjectName="ClubInfo"
             enableCountByExample="false"
             enableUpdateByExample="false"
             enableDeleteByExample="false"
             enableSelectByExample="false"
             selectByExampleQueryId="false">
      </table>
-->
      <!-- &lt;!&ndash;社团信息&ndash;&gt;
        <table schema="clubplat" tableName="T_AUDIT_STATUS_LOG" domainObjectName="AuditStatusLog"
               enableCountByExample="false"
               enableUpdateByExample="false"
               enableDeleteByExample="false"
               enableSelectByExample="false"
               selectByExampleQueryId="false">
        </table>-->


        <table schema="clubplat" tableName="T_CLUB_CLASS_INFO" domainObjectName="ClubClassInfo"
               enableCountByExample="false"
               enableUpdateByExample="false"
               enableDeleteByExample="false"
               enableSelectByExample="false"
               selectByExampleQueryId="false">
        </table>
    </context>
</generatorConfiguration>