<?xml version="1.0" encoding="UTF-8"?>
<!DOCTYPE mapper PUBLIC "-//mybatis.org//DTD Mapper 3.0//EN" "http://mybatis.org/dtd/mybatis-3-mapper.dtd">
<mapper namespace="com.longmap.szwtl.auth.mapper.SysAuthorityMapper">
  <resultMap id="BaseResultMap" type="com.longmap.szwtl.vo.SysAuthority">
    <id column="ID" jdbcType="VARCHAR" property="id" />
    <result column="AUTHORITY" jdbcType="VARCHAR" property="authority" />
    <result column="DESCRIPTION" jdbcType="VARCHAR" property="description" />
  </resultMap>
  <sql id="Base_Column_List">
    ID, AUTHORITY, DESCRIPTION
  </sql>
  <select id="selectByPrimaryKey" parameterType="java.lang.String" resultMap="BaseResultMap">
    select 
    <include refid="Base_Column_List" />
    from USERPLAT.SYS_AUTHORITY
    where ID = #{id,jdbcType=VARCHAR}
  </select>
  <delete id="deleteByPrimaryKey" parameterType="java.lang.String">
    delete from USERPLAT.SYS_AUTHORITY
    where ID = #{id,jdbcType=VARCHAR}
  </delete>
  <insert id="insert" parameterType="com.longmap.szwtl.vo.SysAuthority">
    insert into USERPLAT.SYS_AUTHORITY (ID, AUTHORITY, DESCRIPTION
      )
    values (#{id,jdbcType=VARCHAR}, #{authority,jdbcType=VARCHAR}, #{description,jdbcType=VARCHAR}
      )
  </insert>
  <insert id="insertSelective" parameterType="com.longmap.szwtl.vo.SysAuthority">
    insert into USERPLAT.SYS_AUTHORITY
    <trim prefix="(" suffix=")" suffixOverrides=",">
      <if test="id != null">
        ID,
      </if>
      <if test="authority != null">
        AUTHORITY,
      </if>
      <if test="description != null">
        DESCRIPTION,
      </if>
    </trim>
    <trim prefix="values (" suffix=")" suffixOverrides=",">
      <if test="id != null">
        #{id,jdbcType=VARCHAR},
      </if>
      <if test="authority != null">
        #{authority,jdbcType=VARCHAR},
      </if>
      <if test="description != null">
        #{description,jdbcType=VARCHAR},
      </if>
    </trim>
  </insert>
  <update id="updateByPrimaryKeySelective" parameterType="com.longmap.szwtl.vo.SysAuthority">
    update USERPLAT.SYS_AUTHORITY
    <set>
      <if test="authority != null">
        AUTHORITY = #{authority,jdbcType=VARCHAR},
      </if>
      <if test="description != null">
        DESCRIPTION = #{description,jdbcType=VARCHAR},
      </if>
    </set>
    where ID = #{id,jdbcType=VARCHAR}
  </update>
  <update id="updateByPrimaryKey" parameterType="com.longmap.szwtl.vo.SysAuthority">
    update USERPLAT.SYS_AUTHORITY
    set AUTHORITY = #{authority,jdbcType=VARCHAR},
    DESCRIPTION = #{description,jdbcType=VARCHAR}
    where ID = #{id,jdbcType=VARCHAR}
  </update>

  <!--根据权限查询-->
  <select id="selectOneByAuthority" resultMap="BaseResultMap">
    SELECT
    <include refid="Base_Column_List" />
    FROM
    ( SELECT <include refid="Base_Column_List" /> FROM USERPLAT.SYS_AUTHORITY WHERE AUTHORITY = #{authority,jdbcType=VARCHAR} )
    WHERE
    ROWNUM = 1
  </select>

  <!--查询全部-->
  <select id="selectAll" resultMap="BaseResultMap">
    select
    <include refid="Base_Column_List" />
    from USERPLAT.SYS_AUTHORITY
  </select>

  <!--查询角色权限-->
  <select id="selectByRoleId" resultMap="BaseResultMap">
    select
    <include refid="Base_Column_List" />
    from USERPLAT.SYS_AUTHORITY
    where ID in (SELECT AUTHORITY_ID FROM SYS_ROLE_AUTHORITY WHERE ROLE_ID = #{roleId,jdbcType=VARCHAR})
  </select>
</mapper>