<?xml version="1.0" encoding="UTF-8"?>
<!DOCTYPE mapper PUBLIC "-//mybatis.org//DTD Mapper 3.0//EN" "http://mybatis.org/dtd/mybatis-3-mapper.dtd">
<mapper namespace="com.longmap.szwtl.auth.mapper.SysPermissionMapper">
  <resultMap id="BaseResultMap" type="com.longmap.szwtl.vo.SysPermission">
    <id column="ID" jdbcType="VARCHAR" property="id" />
    <result column="PARENT_ID" jdbcType="VARCHAR" property="parentId" />
    <result column="NAME" jdbcType="VARCHAR" property="name" />
    <result column="URL" jdbcType="VARCHAR" property="url" />
    <result column="MENU_TYPE" jdbcType="DECIMAL" property="menuType" />
    <result column="SORT_NO" jdbcType="DECIMAL" property="sortNo" />
    <result column="ICON" jdbcType="VARCHAR" property="icon" />
    <result column="FORBIDDEN" jdbcType="DECIMAL" property="forbidden" />
    <result column="DESCRIPTION" jdbcType="VARCHAR" property="description" />
    <result column="CREATE_BY_USER" jdbcType="VARCHAR" property="createByUser" />
    <result column="CREATED_TIME" jdbcType="TIMESTAMP" property="createdTime" />
    <result column="UPDATE_BY_USER" jdbcType="VARCHAR" property="updateByUser" />
    <result column="MODIFIED_TIME" jdbcType="TIMESTAMP" property="modifiedTime" />
    <result column="DEL_FLAG" jdbcType="DECIMAL" property="delFlag" />
  </resultMap>
  <sql id="Base_Column_List">
    ID, PARENT_ID, NAME, URL, MENU_TYPE, SORT_NO, ICON, FORBIDDEN, DESCRIPTION, CREATE_BY_USER, 
    CREATED_TIME, UPDATE_BY_USER, MODIFIED_TIME, DEL_FLAG
  </sql>
  <select id="selectByPrimaryKey" parameterType="java.lang.String" resultMap="BaseResultMap">
    select 
    <include refid="Base_Column_List" />
    from USERPLAT.SYS_PERMISSION
    where ID = #{id,jdbcType=VARCHAR}
  </select>
  <delete id="deleteByPrimaryKey" parameterType="java.lang.String">
    delete from USERPLAT.SYS_PERMISSION
    where ID = #{id,jdbcType=VARCHAR}
  </delete>
  <insert id="insert" parameterType="com.longmap.szwtl.vo.SysPermission">
    insert into USERPLAT.SYS_PERMISSION (ID, PARENT_ID, NAME,
      URL, MENU_TYPE, SORT_NO, 
      ICON, FORBIDDEN, DESCRIPTION, 
      CREATE_BY_USER, CREATED_TIME, UPDATE_BY_USER, 
      MODIFIED_TIME, DEL_FLAG)
    values (#{id,jdbcType=VARCHAR}, #{parentId,jdbcType=VARCHAR}, #{name,jdbcType=VARCHAR}, 
      #{url,jdbcType=VARCHAR}, #{menuType,jdbcType=DECIMAL}, #{sortNo,jdbcType=DECIMAL}, 
      #{icon,jdbcType=VARCHAR}, #{forbidden,jdbcType=DECIMAL}, #{description,jdbcType=VARCHAR}, 
      #{createByUser,jdbcType=VARCHAR}, #{createdTime,jdbcType=TIMESTAMP}, #{updateByUser,jdbcType=VARCHAR}, 
      #{modifiedTime,jdbcType=TIMESTAMP}, #{delFlag,jdbcType=DECIMAL})
  </insert>
  <insert id="insertSelective" parameterType="com.longmap.szwtl.vo.SysPermission">
    insert into USERPLAT.SYS_PERMISSION
    <trim prefix="(" suffix=")" suffixOverrides=",">
      <if test="id != null">
        ID,
      </if>
      <if test="parentId != null">
        PARENT_ID,
      </if>
      <if test="name != null">
        NAME,
      </if>
      <if test="url != null">
        URL,
      </if>
      <if test="menuType != null">
        MENU_TYPE,
      </if>
      <if test="sortNo != null">
        SORT_NO,
      </if>
      <if test="icon != null">
        ICON,
      </if>
      <if test="forbidden != null">
        FORBIDDEN,
      </if>
      <if test="description != null">
        DESCRIPTION,
      </if>
      <if test="createByUser != null">
        CREATE_BY_USER,
      </if>
      <if test="createdTime != null">
        CREATED_TIME,
      </if>
      <if test="updateByUser != null">
        UPDATE_BY_USER,
      </if>
      <if test="modifiedTime != null">
        MODIFIED_TIME,
      </if>
      <if test="delFlag != null">
        DEL_FLAG,
      </if>
    </trim>
    <trim prefix="values (" suffix=")" suffixOverrides=",">
      <if test="id != null">
        #{id,jdbcType=VARCHAR},
      </if>
      <if test="parentId != null">
        #{parentId,jdbcType=VARCHAR},
      </if>
      <if test="name != null">
        #{name,jdbcType=VARCHAR},
      </if>
      <if test="url != null">
        #{url,jdbcType=VARCHAR},
      </if>
      <if test="menuType != null">
        #{menuType,jdbcType=DECIMAL},
      </if>
      <if test="sortNo != null">
        #{sortNo,jdbcType=DECIMAL},
      </if>
      <if test="icon != null">
        #{icon,jdbcType=VARCHAR},
      </if>
      <if test="forbidden != null">
        #{forbidden,jdbcType=DECIMAL},
      </if>
      <if test="description != null">
        #{description,jdbcType=VARCHAR},
      </if>
      <if test="createByUser != null">
        #{createByUser,jdbcType=VARCHAR},
      </if>
      <if test="createdTime != null">
        #{createdTime,jdbcType=TIMESTAMP},
      </if>
      <if test="updateByUser != null">
        #{updateByUser,jdbcType=VARCHAR},
      </if>
      <if test="modifiedTime != null">
        #{modifiedTime,jdbcType=TIMESTAMP},
      </if>
      <if test="delFlag != null">
        #{delFlag,jdbcType=DECIMAL},
      </if>
    </trim>
  </insert>
  <update id="updateByPrimaryKeySelective" parameterType="com.longmap.szwtl.vo.SysPermission">
    update USERPLAT.SYS_PERMISSION
    <set>
      <if test="parentId != null">
        PARENT_ID = #{parentId,jdbcType=VARCHAR},
      </if>
      <if test="name != null">
        NAME = #{name,jdbcType=VARCHAR},
      </if>
      <if test="url != null">
        URL = #{url,jdbcType=VARCHAR},
      </if>
      <if test="menuType != null">
        MENU_TYPE = #{menuType,jdbcType=DECIMAL},
      </if>
      <if test="sortNo != null">
        SORT_NO = #{sortNo,jdbcType=DECIMAL},
      </if>
      <if test="icon != null">
        ICON = #{icon,jdbcType=VARCHAR},
      </if>
      <if test="forbidden != null">
        FORBIDDEN = #{forbidden,jdbcType=DECIMAL},
      </if>
      <if test="description != null">
        DESCRIPTION = #{description,jdbcType=VARCHAR},
      </if>
      <if test="createByUser != null">
        CREATE_BY_USER = #{createByUser,jdbcType=VARCHAR},
      </if>
      <if test="createdTime != null">
        CREATED_TIME = #{createdTime,jdbcType=TIMESTAMP},
      </if>
      <if test="updateByUser != null">
        UPDATE_BY_USER = #{updateByUser,jdbcType=VARCHAR},
      </if>
      <if test="modifiedTime != null">
        MODIFIED_TIME = #{modifiedTime,jdbcType=TIMESTAMP},
      </if>
      <if test="delFlag != null">
        DEL_FLAG = #{delFlag,jdbcType=DECIMAL},
      </if>
    </set>
    where ID = #{id,jdbcType=VARCHAR}
  </update>
  <update id="updateByPrimaryKey" parameterType="com.longmap.szwtl.vo.SysPermission">
    update USERPLAT.SYS_PERMISSION
    set PARENT_ID = #{parentId,jdbcType=VARCHAR},
      NAME = #{name,jdbcType=VARCHAR},
      URL = #{url,jdbcType=VARCHAR},
      MENU_TYPE = #{menuType,jdbcType=DECIMAL},
      SORT_NO = #{sortNo,jdbcType=DECIMAL},
      ICON = #{icon,jdbcType=VARCHAR},
      FORBIDDEN = #{forbidden,jdbcType=DECIMAL},
      DESCRIPTION = #{description,jdbcType=VARCHAR},
      CREATE_BY_USER = #{createByUser,jdbcType=VARCHAR},
      CREATED_TIME = #{createdTime,jdbcType=TIMESTAMP},
      UPDATE_BY_USER = #{updateByUser,jdbcType=VARCHAR},
      MODIFIED_TIME = #{modifiedTime,jdbcType=TIMESTAMP},
      DEL_FLAG = #{delFlag,jdbcType=DECIMAL}
    where ID = #{id,jdbcType=VARCHAR}
  </update>

  <!--查询一级菜单-->
  <select id="selectRootList" resultMap="BaseResultMap">
    SELECT
    <include refid="Base_Column_List" />
    FROM
    USERPLAT.SYS_PERMISSION
    WHERE
    DEL_FLAG = 0
    AND
    NVL( PARENT_ID, 'null' ) = 'null'
  </select>

  <!--查询子级菜单-->
  <select id="selectChildren" resultMap="BaseResultMap">
    SELECT
    <include refid="Base_Column_List" />
    FROM
    USERPLAT.SYS_PERMISSION
    WHERE
    DEL_FLAG = 0
    AND
    PARENT_ID = #{parentId,jdbcType=VARCHAR}
  </select>
  
  <!--查询一级菜单上一个排序编码-->
  <select id="selectRootSortNo" resultMap="BaseResultMap">
    SELECT
    SORT_NO
    FROM
    ( SELECT SORT_NO FROM USERPLAT.SYS_PERMISSION WHERE NVL( PARENT_ID, 'null' ) = 'null' ORDER BY SORT_NO DESC )
    WHERE
    ROWNUM <![CDATA[<]]> 2
  </select>

  <!--查询子级菜单上一个排序编码-->
  <select id="selectChildSortNo" resultMap="BaseResultMap">
    SELECT
    SORT_NO
    FROM
    ( SELECT SORT_NO FROM USERPLAT.SYS_PERMISSION WHERE PARENT_ID = #{parentId,jdbcType=VARCHAR} ORDER BY SORT_NO DESC )
    WHERE
    ROWNUM <![CDATA[<]]> 2
  </select>

  <!--查询全部-->
  <select id="selectAll" resultMap="BaseResultMap">
    select
    <include refid="Base_Column_List" />
    from USERPLAT.SYS_PERMISSION
    where DEL_FLAG = #{delFlag,jdbcType=DECIMAL}
  </select>

  <!--查询角色对应的权限菜单-->
  <select id="selectByRoleId" resultMap="BaseResultMap">
    select
    <include refid="Base_Column_List" />
    from USERPLAT.SYS_PERMISSION
    where DEL_FLAG = 0
    and ID in (select PERMISSION_ID from USERPLAT.SYS_ROLE_PERMISSION where ROLE_ID = #{roleId,jdbcType=DECIMAL} AND FORBIDDEN = 0 AND DEL_FLAG = 0)
  </select>
</mapper>