<?xml version="1.0" encoding="UTF-8"?>
<!DOCTYPE mapper PUBLIC "-//mybatis.org//DTD Mapper 3.0//EN" "http://mybatis.org/dtd/mybatis-3-mapper.dtd">
<mapper namespace="com.longmap.szwtl.auth.mapper.SysUserMapper">
  <resultMap id="BaseResultMap" type="com.longmap.szwtl.vo.SysUser">
    <id column="ID" jdbcType="VARCHAR" property="id" />
    <result column="ACCOUNT" jdbcType="VARCHAR" property="account" />
    <result column="REALNAME" jdbcType="VARCHAR" property="realname" />
    <result column="PASSWORD" jdbcType="VARCHAR" property="password" />
    <result column="SALT" jdbcType="VARCHAR" property="salt" />
    <result column="AVATAR" jdbcType="VARCHAR" property="avatar" />
    <result column="BIRTHDAY" jdbcType="VARCHAR" property="birthday" />
    <result column="SEX" jdbcType="DECIMAL" property="sex" />
    <result column="EMAIL" jdbcType="VARCHAR" property="email" />
    <result column="STATUS" jdbcType="DECIMAL" property="status" />
    <result column="PROVINCE_ID" jdbcType="VARCHAR" property="provinceId" />
    <result column="PROVINCE_NAME" jdbcType="VARCHAR" property="provinceName" />
    <result column="CITY_ID" jdbcType="VARCHAR" property="cityId" />
    <result column="CITY_NAME" jdbcType="VARCHAR" property="cityName" />
    <result column="DISTRICT_ID" jdbcType="VARCHAR" property="districtId" />
    <result column="DISTRICT_NAME" jdbcType="VARCHAR" property="districtName" />
    <result column="SUB_DISTRICT_ID" jdbcType="VARCHAR" property="subDistrictId"/>
    <result column="SUB_DISTRICT_NAME" jdbcType="VARCHAR" property="subDistrictName"/>
    <result column="ADDRESS" jdbcType="VARCHAR" property="address" />
    <result column="DEL_FLAG" jdbcType="DECIMAL" property="delFlag" />
    <result column="DESCRIPTION" jdbcType="VARCHAR" property="description" />
    <result column="CREATE_BY_USER" jdbcType="VARCHAR" property="createByUser" />
    <result column="CREATED_TIME" jdbcType="TIMESTAMP" property="createdTime" />
    <result column="UPDATE_BY_USER" jdbcType="VARCHAR" property="updateByUser" />
    <result column="MODIFIED_TIME" jdbcType="TIMESTAMP" property="modifiedTime" />
    <result column="ENTERPRISE_ID" jdbcType="VARCHAR" property="enterpriseId" />
    <result column="STORE_ID" jdbcType="VARCHAR" property="storeId" />
    <result column="AUTHORIZED_PASSWORD" jdbcType="VARCHAR" property="authorizedPassword" />
    <result column="IDENTITY_CARD" jdbcType="VARCHAR" property="identityCard" />
    <result column="TYPE" jdbcType="DECIMAL" property="type"/>
  </resultMap>

  <!--用户角色映射结果集-->
  <resultMap id="UserAndRoleResultMap" type="com.longmap.szwtl.auth.controller.model.response.SysUserAndRole">
    <id column="ID" jdbcType="VARCHAR" property="id" />
    <result column="ACCOUNT" jdbcType="VARCHAR" property="account" />
    <result column="REALNAME" jdbcType="VARCHAR" property="realname" />
    <result column="PASSWORD" jdbcType="VARCHAR" property="password" />
    <result column="SALT" jdbcType="VARCHAR" property="salt" />
    <result column="AVATAR" jdbcType="VARCHAR" property="avatar" />
    <result column="BIRTHDAY" jdbcType="VARCHAR" property="birthday" />
    <result column="SEX" jdbcType="DECIMAL" property="sex" />
    <result column="EMAIL" jdbcType="VARCHAR" property="email" />
    <result column="STATUS" jdbcType="DECIMAL" property="status" />
    <result column="PROVINCE_ID" jdbcType="VARCHAR" property="provinceId" />
    <result column="PROVINCE_NAME" jdbcType="VARCHAR" property="provinceName" />
    <result column="CITY_ID" jdbcType="VARCHAR" property="cityId" />
    <result column="CITY_NAME" jdbcType="VARCHAR" property="cityName" />
    <result column="DISTRICT_ID" jdbcType="VARCHAR" property="districtId" />
    <result column="DISTRICT_NAME" jdbcType="VARCHAR" property="districtName" />
    <result column="SUB_DISTRICT_ID" jdbcType="VARCHAR" property="subDistrictId"/>
    <result column="SUB_DISTRICT_NAME" jdbcType="VARCHAR" property="subDistrictName"/>
    <result column="ADDRESS" jdbcType="VARCHAR" property="address" />
    <result column="DEL_FLAG" jdbcType="DECIMAL" property="delFlag" />
    <result column="DESCRIPTION" jdbcType="VARCHAR" property="description" />
    <result column="CREATE_BY_USER" jdbcType="VARCHAR" property="createByUser" />
    <result column="CREATED_TIME" jdbcType="TIMESTAMP" property="createdTime" />
    <result column="UPDATE_BY_USER" jdbcType="VARCHAR" property="updateByUser" />
    <result column="MODIFIED_TIME" jdbcType="TIMESTAMP" property="modifiedTime" />
    <result column="ENTERPRISE_ID" jdbcType="VARCHAR" property="enterpriseId" />
    <result column="STORE_ID" jdbcType="VARCHAR" property="storeId" />
    <result column="AUTHORIZED_PASSWORD" jdbcType="VARCHAR" property="authorizedPassword" />
    <result column="IDENTITY_CARD" jdbcType="VARCHAR" property="identityCard" />
    <result column="TYPE" jdbcType="DECIMAL" property="type"/>
    <association property="role" javaType="com.longmap.szwtl.vo.SysRole">
      <id column="ROLE_ID" jdbcType="VARCHAR" property="id" />
      <result column="ROLE_NAME" jdbcType="VARCHAR" property="roleName" />
      <result column="ROLE_CODE" jdbcType="VARCHAR" property="roleCode" />
      <result column="ROLE_DESCRIPTION" jdbcType="VARCHAR" property="description" />
      <result column="ROLE_CREATE_BY_USER" jdbcType="VARCHAR" property="createByUser" />
      <result column="ROLE_CREATED_TIME" jdbcType="TIMESTAMP" property="createdTime" />
      <result column="ROLE_UPDATE_BY_USER" jdbcType="VARCHAR" property="updateByUser" />
      <result column="ROLE_MODIFIED_TIME" jdbcType="TIMESTAMP" property="modifiedTime" />
      <result column="ROLE_DEL_FLAG" jdbcType="DECIMAL" property="delFlag" />
    </association>
  </resultMap>
  <sql id="Base_Column_List">
    ID, ACCOUNT, REALNAME, PASSWORD, SALT, AVATAR, BIRTHDAY, SEX, EMAIL, STATUS, PROVINCE_ID,
    PROVINCE_NAME, CITY_ID, CITY_NAME, DISTRICT_ID, DISTRICT_NAME, ADDRESS, DEL_FLAG,
    DESCRIPTION, CREATE_BY_USER, CREATED_TIME, UPDATE_BY_USER, MODIFIED_TIME, ENTERPRISE_ID,
    STORE_ID, AUTHORIZED_PASSWORD,SUB_DISTRICT_ID, SUB_DISTRICT_NAME, IDENTITY_CARD, TYPE
  </sql>
  <select id="selectByPrimaryKey" parameterType="java.lang.String" resultMap="BaseResultMap">
    select
    <include refid="Base_Column_List" />
    from USERPLAT.SYS_USER
    where ID = #{id,jdbcType=VARCHAR}
  </select>
  <delete id="deleteByPrimaryKey" parameterType="java.lang.String">
    delete from USERPLAT.SYS_USER
    where ID = #{id,jdbcType=VARCHAR}
  </delete>
  <insert id="insert" parameterType="com.longmap.szwtl.vo.SysUser">
    insert into USERPLAT.SYS_USER (ID, ACCOUNT, REALNAME,
    PASSWORD, SALT, AVATAR,
    BIRTHDAY, SEX, EMAIL,
    STATUS, PROVINCE_ID, PROVINCE_NAME,
    CITY_ID, CITY_NAME, DISTRICT_ID,
    DISTRICT_NAME, ADDRESS, DEL_FLAG,
    DESCRIPTION, CREATE_BY_USER, CREATED_TIME,
    UPDATE_BY_USER, MODIFIED_TIME, ENTERPRISE_ID,
    STORE_ID, AUTHORIZED_PASSWORD, SUB_DISTRICT_ID, SUB_DISTRICT_NAME, IDENTITY_CARD)
    values (#{id,jdbcType=VARCHAR}, #{account,jdbcType=VARCHAR}, #{realname,jdbcType=VARCHAR},
    #{password,jdbcType=VARCHAR}, #{salt,jdbcType=VARCHAR}, #{avatar,jdbcType=VARCHAR},
    #{birthday,jdbcType=VARCHAR}, #{sex,jdbcType=DECIMAL}, #{email,jdbcType=VARCHAR},
    #{status,jdbcType=DECIMAL}, #{provinceId,jdbcType=VARCHAR}, #{provinceName,jdbcType=VARCHAR},
    #{cityId,jdbcType=VARCHAR}, #{cityName,jdbcType=VARCHAR}, #{districtId,jdbcType=VARCHAR},
    #{districtName,jdbcType=VARCHAR}, #{address,jdbcType=VARCHAR}, #{delFlag,jdbcType=DECIMAL},
    #{description,jdbcType=VARCHAR}, #{createByUser,jdbcType=VARCHAR}, #{createdTime,jdbcType=TIMESTAMP},
    #{updateByUser,jdbcType=VARCHAR}, #{modifiedTime,jdbcType=TIMESTAMP}, #{enterpriseId,jdbcType=VARCHAR},
    #{storeId,jdbcType=VARCHAR}, #{authorizedPassword,jdbcType=VARCHAR},#{subDistrictId,jdbcType=VARCHAR}, #{subDistrictName,jdbcType=VARCHAR}, #{identityCard,jdbcType=VARCHAR})
  </insert>
  <insert id="insertSelective" parameterType="com.longmap.szwtl.vo.SysUser">
    insert into USERPLAT.SYS_USER
    <trim prefix="(" suffix=")" suffixOverrides=",">
      <if test="id != null">
        ID,
      </if>
      <if test="account != null">
        ACCOUNT,
      </if>
      <if test="realname != null">
        REALNAME,
      </if>
      <if test="password != null">
        PASSWORD,
      </if>
      <if test="salt != null">
        SALT,
      </if>
      <if test="avatar != null">
        AVATAR,
      </if>
      <if test="birthday != null">
        BIRTHDAY,
      </if>
      <if test="sex != null">
        SEX,
      </if>
      <if test="email != null">
        EMAIL,
      </if>
      <if test="status != null">
        STATUS,
      </if>
      <if test="provinceId != null">
        PROVINCE_ID,
      </if>
      <if test="provinceName != null">
        PROVINCE_NAME,
      </if>
      <if test="cityId != null">
        CITY_ID,
      </if>
      <if test="cityName != null">
        CITY_NAME,
      </if>
      <if test="districtId != null">
        DISTRICT_ID,
      </if>
      <if test="districtName != null">
        DISTRICT_NAME,
      </if>
      <if test="address != null">
        ADDRESS,
      </if>
      <if test="delFlag != null">
        DEL_FLAG,
      </if>
      <if test="description != null">
        DESCRIPTION,
      </if>
      <if test="createByUser != null">
        CREATE_BY_USER,
      </if>
      <if test="createdTime != null">
        CREATED_TIME,
      </if>
      <if test="updateByUser != null">
        UPDATE_BY_USER,
      </if>
      <if test="modifiedTime != null">
        MODIFIED_TIME,
      </if>
      <if test="enterpriseId != null">
        ENTERPRISE_ID,
      </if>
      <if test="storeId != null">
        STORE_ID,
      </if>
      <if test="authorizedPassword != null">
        AUTHORIZED_PASSWORD,
      </if>
      <if test="subDistrictId != null">
        SUB_DISTRICT_ID,
      </if>
      <if test="subDistrictName != null">
        SUB_DISTRICT_NAME,
      </if>
      <if test="identityCard != null">
        IDENTITY_CARD,
      </if>
    </trim>
    <trim prefix="values (" suffix=")" suffixOverrides=",">
      <if test="id != null">
        #{id,jdbcType=VARCHAR},
      </if>
      <if test="account != null">
        #{account,jdbcType=VARCHAR},
      </if>
      <if test="realname != null">
        #{realname,jdbcType=VARCHAR},
      </if>
      <if test="password != null">
        #{password,jdbcType=VARCHAR},
      </if>
      <if test="salt != null">
        #{salt,jdbcType=VARCHAR},
      </if>
      <if test="avatar != null">
        #{avatar,jdbcType=VARCHAR},
      </if>
      <if test="birthday != null">
        #{birthday,jdbcType=VARCHAR},
      </if>
      <if test="sex != null">
        #{sex,jdbcType=DECIMAL},
      </if>
      <if test="email != null">
        #{email,jdbcType=VARCHAR},
      </if>
      <if test="status != null">
        #{status,jdbcType=DECIMAL},
      </if>
      <if test="provinceId != null">
        #{provinceId,jdbcType=VARCHAR},
      </if>
      <if test="provinceName != null">
        #{provinceName,jdbcType=VARCHAR},
      </if>
      <if test="cityId != null">
        #{cityId,jdbcType=VARCHAR},
      </if>
      <if test="cityName != null">
        #{cityName,jdbcType=VARCHAR},
      </if>
      <if test="districtId != null">
        #{districtId,jdbcType=VARCHAR},
      </if>
      <if test="districtName != null">
        #{districtName,jdbcType=VARCHAR},
      </if>
      <if test="address != null">
        #{address,jdbcType=VARCHAR},
      </if>
      <if test="delFlag != null">
        #{delFlag,jdbcType=DECIMAL},
      </if>
      <if test="description != null">
        #{description,jdbcType=VARCHAR},
      </if>
      <if test="createByUser != null">
        #{createByUser,jdbcType=VARCHAR},
      </if>
      <if test="createdTime != null">
        #{createdTime,jdbcType=TIMESTAMP},
      </if>
      <if test="updateByUser != null">
        #{updateByUser,jdbcType=VARCHAR},
      </if>
      <if test="modifiedTime != null">
        #{modifiedTime,jdbcType=TIMESTAMP},
      </if>
      <if test="enterpriseId != null">
        #{enterpriseId,jdbcType=VARCHAR},
      </if>
      <if test="storeId != null">
        #{storeId,jdbcType=VARCHAR},
      </if>
      <if test="authorizedPassword != null">
        #{authorizedPassword,jdbcType=VARCHAR},
      </if>
      <if test="subDistrictId != null">
        #{subDistrictId,jdbcType=VARCHAR},
      </if>
      <if test="subDistrictName != null">
        #{subDistrictName,jdbcType=VARCHAR},
      </if>
      <if test="identityCard != null">
        #{identityCard,jdbcType=VARCHAR},
      </if>
    </trim>
  </insert>
  <update id="updateByPrimaryKeySelective" parameterType="com.longmap.szwtl.vo.SysUser">
    update USERPLAT.SYS_USER
    <set>
      <if test="account != null">
        ACCOUNT = #{account,jdbcType=VARCHAR},
      </if>
      <if test="realname != null">
        REALNAME = #{realname,jdbcType=VARCHAR},
      </if>
      <if test="password != null">
        PASSWORD = #{password,jdbcType=VARCHAR},
      </if>
      <if test="salt != null">
        SALT = #{salt,jdbcType=VARCHAR},
      </if>
      <if test="avatar != null">
        AVATAR = #{avatar,jdbcType=VARCHAR},
      </if>
      <if test="birthday != null">
        BIRTHDAY = #{birthday,jdbcType=VARCHAR},
      </if>
      <if test="sex != null">
        SEX = #{sex,jdbcType=DECIMAL},
      </if>
      <if test="email != null">
        EMAIL = #{email,jdbcType=VARCHAR},
      </if>
      <if test="status != null">
        STATUS = #{status,jdbcType=DECIMAL},
      </if>
      <if test="provinceId != null">
        PROVINCE_ID = #{provinceId,jdbcType=VARCHAR},
      </if>
      <if test="provinceName != null">
        PROVINCE_NAME = #{provinceName,jdbcType=VARCHAR},
      </if>
      <if test="cityId != null">
        CITY_ID = #{cityId,jdbcType=VARCHAR},
      </if>
      <if test="cityName != null">
        CITY_NAME = #{cityName,jdbcType=VARCHAR},
      </if>
      <if test="districtId != null">
        DISTRICT_ID = #{districtId,jdbcType=VARCHAR},
      </if>
      <if test="districtName != null">
        DISTRICT_NAME = #{districtName,jdbcType=VARCHAR},
      </if>
      <if test="address != null">
        ADDRESS = #{address,jdbcType=VARCHAR},
      </if>
      <if test="delFlag != null">
        DEL_FLAG = #{delFlag,jdbcType=DECIMAL},
      </if>
      <if test="description != null">
        DESCRIPTION = #{description,jdbcType=VARCHAR},
      </if>
      <if test="createByUser != null">
        CREATE_BY_USER = #{createByUser,jdbcType=VARCHAR},
      </if>
      <if test="createdTime != null">
        CREATED_TIME = #{createdTime,jdbcType=TIMESTAMP},
      </if>
      <if test="updateByUser != null">
        UPDATE_BY_USER = #{updateByUser,jdbcType=VARCHAR},
      </if>
      <if test="modifiedTime != null">
        MODIFIED_TIME = #{modifiedTime,jdbcType=TIMESTAMP},
      </if>
      <if test="enterpriseId != null">
        ENTERPRISE_ID = #{enterpriseId,jdbcType=VARCHAR},
      </if>
      <if test="storeId != null">
        STORE_ID = #{storeId,jdbcType=VARCHAR},
      </if>
      <if test="authorizedPassword != null">
        AUTHORIZED_PASSWORD = #{authorizedPassword,jdbcType=VARCHAR},
      </if>
      <if test="subDistrictId != null">
        SUB_DISTRICT_ID = #{subDistrictId,jdbcType=VARCHAR},
      </if>
      <if test="subDistrictName != null">
        SUB_DISTRICT_NAME = #{subDistrictName,jdbcType=VARCHAR},
      </if>
      <if test="identityCard != null and identityCard != ''">
        IDENTITY_CARD = #{identityCard,jdbcType=VARCHAR},
      </if>
    </set>
    where ID = #{id,jdbcType=VARCHAR}
  </update>
  <update id="updateByPrimaryKey" parameterType="com.longmap.szwtl.vo.SysUser">
    update USERPLAT.SYS_USER
    set ACCOUNT = #{account,jdbcType=VARCHAR},
    REALNAME = #{realname,jdbcType=VARCHAR},
    PASSWORD = #{password,jdbcType=VARCHAR},
    SALT = #{salt,jdbcType=VARCHAR},
    AVATAR = #{avatar,jdbcType=VARCHAR},
    BIRTHDAY = #{birthday,jdbcType=VARCHAR},
    SEX = #{sex,jdbcType=DECIMAL},
    EMAIL = #{email,jdbcType=VARCHAR},
    STATUS = #{status,jdbcType=DECIMAL},
    PROVINCE_ID = #{provinceId,jdbcType=VARCHAR},
    PROVINCE_NAME = #{provinceName,jdbcType=VARCHAR},
    CITY_ID = #{cityId,jdbcType=DECIMAL},
    CITY_NAME = #{cityName,jdbcType=VARCHAR},
    DISTRICT_ID = #{districtId,jdbcType=VARCHAR},
    DISTRICT_NAME = #{districtName,jdbcType=VARCHAR},
    ADDRESS = #{address,jdbcType=VARCHAR},
    DEL_FLAG = #{delFlag,jdbcType=DECIMAL},
    DESCRIPTION = #{description,jdbcType=VARCHAR},
    CREATE_BY_USER = #{createByUser,jdbcType=VARCHAR},
    CREATED_TIME = #{createdTime,jdbcType=TIMESTAMP},
    UPDATE_BY_USER = #{updateByUser,jdbcType=VARCHAR},
    MODIFIED_TIME = #{modifiedTime,jdbcType=TIMESTAMP},
    ENTERPRISE_ID = #{enterpriseId,jdbcType=VARCHAR},
    STORE_ID = #{storeId,jdbcType=VARCHAR},
    AUTHORIZED_PASSWORD = #{authorizedPassword,jdbcType=VARCHAR},
    SUB_DISTRICT_ID = #{subDistrictId,jdbcType=VARCHAR},
    SUB_DISTRICT_NAME = #{subDistrictName,jdbcType=VARCHAR},
    IDENTITY_CARD = #{identityCard,jdbcType=VARCHAR}
    where ID = #{id,jdbcType=VARCHAR}
  </update>

  <select id="selectByAccount" parameterType="java.lang.String" resultMap="BaseResultMap">
    select
    <include refid="Base_Column_List" />
    from USERPLAT.SYS_USER
    where ACCOUNT = #{account,jdbcType=VARCHAR}
  </select>

  <!--查询账号是否已注册-->
  <select id="selectCountByAccount" resultType="Integer">
    SELECT
    COUNT( ACCOUNT )
    FROM
    USERPLAT.SYS_USER
    WHERE
    ACCOUNT = #{account,jdbcType=VARCHAR}
  </select>

  <select id="selectCountByStoreIdAndRoleId" resultType="Integer">
    SELECT
    COUNT( * )
    FROM
    USERPLAT.SYS_USER_ROLE
    WHERE
    USER_ID = ( SELECT ID FROM USERPLAT.SYS_USER WHERE STORE_ID = #{storeId,jdbcType=VARCHAR} )
    AND ROLE_ID = #{roleId,jdbcType=VARCHAR}
  </select>

  <!--查询用户角色计数-->
  <select id="selectCountUserAndRoleList" resultType="INTEGER">
    SELECT COUNT( * )
    FROM USERPLAT.SYS_USER
    WHERE 1 = 1
    <if test="enterpriseId != null">
      AND ENTERPRISE_ID = #{enterpriseId,jdbcType=VARCHAR}
    </if>
    <if test="storeId != null">
      AND STORE_ID = #{storeId,jdbcType=VARCHAR}
    </if>
  </select>
  <!--查询用户角色信息列表-->
  <select id="selectUserAndRoleList" resultMap="UserAndRoleResultMap">
    SELECT
    U.*,
    R.ID ROLE_ID,
    R.ROLE_NAME,
    R.ROLE_CODE,
    R.DESCRIPTION ROLE_DESCRIPTION,
    R.CREATE_BY_USER ROLE_CREATE_BY_USER,
    R.CREATED_TIME ROLE_CREATED_TIME,
    R.UPDATE_BY_USER ROLE_UPDATE_BY_USER,
    R.MODIFIED_TIME ROLE_MODIFIED_TIME,
    R.DEL_FLAG ROLE_DEL_FLAG
    FROM
    ( SELECT <include refid="Base_Column_List" /> FROM USERPLAT.SYS_USER
    WHERE 1 = 1
    <if test="enterpriseId != null">
      AND ENTERPRISE_ID = #{enterpriseId,jdbcType=VARCHAR}
    </if>
    <if test="storeId != null">
      AND STORE_ID = #{storeId,jdbcType=VARCHAR}
    </if>
    AND
    ROWNUM BETWEEN #{min,jdbcType=INTEGER} AND #{max,jdbcType=INTEGER} ) U
    LEFT JOIN USERPLAT.SYS_USER_ROLE UR ON UR.USER_ID = U.ID
    LEFT JOIN USERPLAT.SYS_ROLE R ON UR.ROLE_ID = R.ID
  </select>

  <!--根据用户ID查询用户角色信息-->
  <select id="selectUserAndRoleByUserId" resultMap="UserAndRoleResultMap">
    SELECT
    U.*,
    R.ID ROLE_ID,
    R.ROLE_NAME,
    R.ROLE_CODE,
    R.DESCRIPTION ROLE_DESCRIPTION,
    R.CREATE_BY_USER ROLE_CREATE_BY_USER,
    R.CREATED_TIME ROLE_CREATED_TIME,
    R.UPDATE_BY_USER ROLE_UPDATE_BY_USER,
    R.MODIFIED_TIME ROLE_MODIFIED_TIME,
    R.DEL_FLAG ROLE_DEL_FLAG
    FROM
    ( SELECT <include refid="Base_Column_List" /> FROM USERPLAT.SYS_USER
    where ID = #{id,jdbcType=VARCHAR}
    ) U
    LEFT JOIN USERPLAT.SYS_USER_ROLE UR ON UR.USER_ID = U.ID
    LEFT JOIN USERPLAT.SYS_ROLE R ON UR.ROLE_ID = R.ID
  </select>

</mapper>