<?xml version="1.0" encoding="UTF-8"?>
<!DOCTYPE mapper PUBLIC "-//mybatis.org//DTD Mapper 3.0//EN" "http://mybatis.org/dtd/mybatis-3-mapper.dtd">
<mapper namespace="com.longmap.szwtl.auth.mapper.TConsumerUserMapper">
  <resultMap id="BaseResultMap" type="com.longmap.szwtl.vo.TConsumerUser">
    <id column="ID" jdbcType="VARCHAR" property="id" />
    <result column="ACCOUNT" jdbcType="VARCHAR" property="account" />
    <result column="REALNAME" jdbcType="VARCHAR" property="realname" />
    <result column="IDENTITY_CARD" jdbcType="VARCHAR" property="identityCard" />
    <result column="CONTACTS" jdbcType="VARCHAR" property="contacts" />
    <result column="WX_OPENID" jdbcType="VARCHAR" property="wxOpenid" />
    <result column="WX_NICKNAME" jdbcType="VARCHAR" property="wxNickname" />
    <result column="WX_HEADIMGURL" jdbcType="VARCHAR" property="wxHeadimgurl" />
    <result column="PASSWORD" jdbcType="VARCHAR" property="password" />
    <result column="AUTHORIZED_PASSWORD" jdbcType="VARCHAR" property="authorizedPassword" />
    <result column="SALT" jdbcType="VARCHAR" property="salt" />
    <result column="AVATAR" jdbcType="VARCHAR" property="avatar" />
    <result column="BIRTHDAY" jdbcType="VARCHAR" property="birthday" />
    <result column="SEX" jdbcType="DECIMAL" property="sex" />
    <result column="EMAIL" jdbcType="VARCHAR" property="email" />
    <result column="STATUS" jdbcType="DECIMAL" property="status" />
    <result column="PROVINCE_ID" jdbcType="VARCHAR" property="provinceId" />
    <result column="PROVINCE_NAME" jdbcType="VARCHAR" property="provinceName" />
    <result column="CITY_ID" jdbcType="VARCHAR" property="cityId" />
    <result column="CITY_NAME" jdbcType="VARCHAR" property="cityName" />
    <result column="DISTRICT_ID" jdbcType="VARCHAR" property="districtId" />
    <result column="DISTRICT_NAME" jdbcType="VARCHAR" property="districtName" />
    <result column="ADDRESS" jdbcType="VARCHAR" property="address" />
    <result column="DEL_FLAG" jdbcType="DECIMAL" property="delFlag" />
    <result column="DESCRIPTION" jdbcType="VARCHAR" property="description" />
    <result column="CREATED_TIME" jdbcType="TIMESTAMP" property="createdTime" />
    <result column="UPDATE_BY_USER" jdbcType="VARCHAR" property="updateByUser" />
    <result column="MODIFIED_TIME" jdbcType="TIMESTAMP" property="modifiedTime" />
  </resultMap>
  <sql id="Base_Column_List">
    ID, ACCOUNT, REALNAME, IDENTITY_CARD, CONTACTS, WX_OPENID, WX_NICKNAME, WX_HEADIMGURL, 
    PASSWORD, AUTHORIZED_PASSWORD, SALT, AVATAR, BIRTHDAY, SEX, EMAIL, STATUS, PROVINCE_ID, 
    PROVINCE_NAME, CITY_ID, CITY_NAME, DISTRICT_ID, DISTRICT_NAME, ADDRESS, DEL_FLAG, 
    DESCRIPTION, CREATED_TIME, UPDATE_BY_USER, MODIFIED_TIME
  </sql>
  <select id="selectByPrimaryKey" parameterType="java.lang.String" resultMap="BaseResultMap">
    select 
    <include refid="Base_Column_List" />
    from USERPLAT.T_CONSUMER_USER
    where ID = #{id,jdbcType=VARCHAR}
  </select>
  <select id="selectByAccount" parameterType="java.lang.String" resultMap="BaseResultMap">
    select
    <include refid="Base_Column_List" />
    from USERPLAT.T_CONSUMER_USER
    where ACCOUNT = #{account,jdbcType=VARCHAR}
  </select>
  <delete id="deleteByPrimaryKey" parameterType="java.lang.String">
    delete from USERPLAT.T_CONSUMER_USER
    where ID = #{id,jdbcType=VARCHAR}
  </delete>
  <insert id="insert" parameterType="com.longmap.szwtl.vo.TConsumerUser">
    insert into USERPLAT.T_CONSUMER_USER (ID, ACCOUNT, REALNAME, 
      IDENTITY_CARD, CONTACTS, WX_OPENID, 
      WX_NICKNAME, WX_HEADIMGURL, PASSWORD, 
      AUTHORIZED_PASSWORD, SALT, AVATAR, 
      BIRTHDAY, SEX, EMAIL, 
      STATUS, PROVINCE_ID, PROVINCE_NAME, 
      CITY_ID, CITY_NAME, DISTRICT_ID, 
      DISTRICT_NAME, ADDRESS, DEL_FLAG, 
      DESCRIPTION, CREATED_TIME, UPDATE_BY_USER, 
      MODIFIED_TIME)
    values (#{id,jdbcType=VARCHAR}, #{account,jdbcType=VARCHAR}, #{realname,jdbcType=VARCHAR}, 
      #{identityCard,jdbcType=VARCHAR}, #{contacts,jdbcType=VARCHAR}, #{wxOpenid,jdbcType=VARCHAR}, 
      #{wxNickname,jdbcType=VARCHAR}, #{wxHeadimgurl,jdbcType=VARCHAR}, #{password,jdbcType=VARCHAR}, 
      #{authorizedPassword,jdbcType=VARCHAR}, #{salt,jdbcType=VARCHAR}, #{avatar,jdbcType=VARCHAR}, 
      #{birthday,jdbcType=VARCHAR}, #{sex,jdbcType=DECIMAL}, #{email,jdbcType=VARCHAR}, 
      #{status,jdbcType=DECIMAL}, #{provinceId,jdbcType=VARCHAR}, #{provinceName,jdbcType=VARCHAR},
      #{cityId,jdbcType=VARCHAR}, #{cityName,jdbcType=VARCHAR}, #{districtId,jdbcType=VARCHAR},
      #{districtName,jdbcType=VARCHAR}, #{address,jdbcType=VARCHAR}, #{delFlag,jdbcType=DECIMAL}, 
      #{description,jdbcType=VARCHAR}, #{createdTime,jdbcType=TIMESTAMP}, #{updateByUser,jdbcType=VARCHAR}, 
      #{modifiedTime,jdbcType=TIMESTAMP})
  </insert>
  <insert id="insertSelective" parameterType="com.longmap.szwtl.vo.TConsumerUser">
    insert into USERPLAT.T_CONSUMER_USER
    <trim prefix="(" suffix=")" suffixOverrides=",">
      <if test="id != null">
        ID,
      </if>
      <if test="account != null">
        ACCOUNT,
      </if>
      <if test="realname != null">
        REALNAME,
      </if>
      <if test="identityCard != null">
        IDENTITY_CARD,
      </if>
      <if test="contacts != null">
        CONTACTS,
      </if>
      <if test="wxOpenid != null">
        WX_OPENID,
      </if>
      <if test="wxNickname != null">
        WX_NICKNAME,
      </if>
      <if test="wxHeadimgurl != null">
        WX_HEADIMGURL,
      </if>
      <if test="password != null">
        PASSWORD,
      </if>
      <if test="authorizedPassword != null">
        AUTHORIZED_PASSWORD,
      </if>
      <if test="salt != null">
        SALT,
      </if>
      <if test="avatar != null">
        AVATAR,
      </if>
      <if test="birthday != null">
        BIRTHDAY,
      </if>
      <if test="sex != null">
        SEX,
      </if>
      <if test="email != null">
        EMAIL,
      </if>
      <if test="status != null">
        STATUS,
      </if>
      <if test="provinceId != null">
        PROVINCE_ID,
      </if>
      <if test="provinceName != null">
        PROVINCE_NAME,
      </if>
      <if test="cityId != null">
        CITY_ID,
      </if>
      <if test="cityName != null">
        CITY_NAME,
      </if>
      <if test="districtId != null">
        DISTRICT_ID,
      </if>
      <if test="districtName != null">
        DISTRICT_NAME,
      </if>
      <if test="address != null">
        ADDRESS,
      </if>
      <if test="delFlag != null">
        DEL_FLAG,
      </if>
      <if test="description != null">
        DESCRIPTION,
      </if>
      <if test="createdTime != null">
        CREATED_TIME,
      </if>
      <if test="updateByUser != null">
        UPDATE_BY_USER,
      </if>
      <if test="modifiedTime != null">
        MODIFIED_TIME,
      </if>
    </trim>
    <trim prefix="values (" suffix=")" suffixOverrides=",">
      <if test="id != null">
        #{id,jdbcType=VARCHAR},
      </if>
      <if test="account != null">
        #{account,jdbcType=VARCHAR},
      </if>
      <if test="realname != null">
        #{realname,jdbcType=VARCHAR},
      </if>
      <if test="identityCard != null">
        #{identityCard,jdbcType=VARCHAR},
      </if>
      <if test="contacts != null">
        #{contacts,jdbcType=VARCHAR},
      </if>
      <if test="wxOpenid != null">
        #{wxOpenid,jdbcType=VARCHAR},
      </if>
      <if test="wxNickname != null">
        #{wxNickname,jdbcType=VARCHAR},
      </if>
      <if test="wxHeadimgurl != null">
        #{wxHeadimgurl,jdbcType=VARCHAR},
      </if>
      <if test="password != null">
        #{password,jdbcType=VARCHAR},
      </if>
      <if test="authorizedPassword != null">
        #{authorizedPassword,jdbcType=VARCHAR},
      </if>
      <if test="salt != null">
        #{salt,jdbcType=VARCHAR},
      </if>
      <if test="avatar != null">
        #{avatar,jdbcType=VARCHAR},
      </if>
      <if test="birthday != null">
        #{birthday,jdbcType=VARCHAR},
      </if>
      <if test="sex != null">
        #{sex,jdbcType=DECIMAL},
      </if>
      <if test="email != null">
        #{email,jdbcType=VARCHAR},
      </if>
      <if test="status != null">
        #{status,jdbcType=DECIMAL},
      </if>
      <if test="provinceId != null">
        #{provinceId,jdbcType=VARCHAR},
      </if>
      <if test="provinceName != null">
        #{provinceName,jdbcType=VARCHAR},
      </if>
      <if test="cityId != null">
        #{cityId,jdbcType=VARCHAR},
      </if>
      <if test="cityName != null">
        #{cityName,jdbcType=VARCHAR},
      </if>
      <if test="districtId != null">
        #{districtId,jdbcType=VARCHAR},
      </if>
      <if test="districtName != null">
        #{districtName,jdbcType=VARCHAR},
      </if>
      <if test="address != null">
        #{address,jdbcType=VARCHAR},
      </if>
      <if test="delFlag != null">
        #{delFlag,jdbcType=DECIMAL},
      </if>
      <if test="description != null">
        #{description,jdbcType=VARCHAR},
      </if>
      <if test="createdTime != null">
        #{createdTime,jdbcType=TIMESTAMP},
      </if>
      <if test="updateByUser != null">
        #{updateByUser,jdbcType=VARCHAR},
      </if>
      <if test="modifiedTime != null">
        #{modifiedTime,jdbcType=TIMESTAMP},
      </if>
    </trim>
  </insert>
  <update id="updateByPrimaryKeySelective" parameterType="com.longmap.szwtl.vo.TConsumerUser">
    update USERPLAT.T_CONSUMER_USER
    <set>
      <if test="account != null">
        ACCOUNT = #{account,jdbcType=VARCHAR},
      </if>
      <if test="realname != null">
        REALNAME = #{realname,jdbcType=VARCHAR},
      </if>
      <if test="identityCard != null">
        IDENTITY_CARD = #{identityCard,jdbcType=VARCHAR},
      </if>
      <if test="contacts != null">
        CONTACTS = #{contacts,jdbcType=VARCHAR},
      </if>
      <if test="wxOpenid != null">
        WX_OPENID = #{wxOpenid,jdbcType=VARCHAR},
      </if>
      <if test="wxNickname != null">
        WX_NICKNAME = #{wxNickname,jdbcType=VARCHAR},
      </if>
      <if test="wxHeadimgurl != null">
        WX_HEADIMGURL = #{wxHeadimgurl,jdbcType=VARCHAR},
      </if>
      <if test="password != null">
        PASSWORD = #{password,jdbcType=VARCHAR},
      </if>
      <if test="authorizedPassword != null">
        AUTHORIZED_PASSWORD = #{authorizedPassword,jdbcType=VARCHAR},
      </if>
      <if test="salt != null">
        SALT = #{salt,jdbcType=VARCHAR},
      </if>
      <if test="avatar != null">
        AVATAR = #{avatar,jdbcType=VARCHAR},
      </if>
      <if test="birthday != null">
        BIRTHDAY = #{birthday,jdbcType=VARCHAR},
      </if>
      <if test="sex != null">
        SEX = #{sex,jdbcType=DECIMAL},
      </if>
      <if test="email != null">
        EMAIL = #{email,jdbcType=VARCHAR},
      </if>
      <if test="status != null">
        STATUS = #{status,jdbcType=DECIMAL},
      </if>
      <if test="provinceId != null">
        PROVINCE_ID = #{provinceId,jdbcType=VARCHAR},
      </if>
      <if test="provinceName != null">
        PROVINCE_NAME = #{provinceName,jdbcType=VARCHAR},
      </if>
      <if test="cityId != null">
        CITY_ID = #{cityId,jdbcType=VARCHAR},
      </if>
      <if test="cityName != null">
        CITY_NAME = #{cityName,jdbcType=VARCHAR},
      </if>
      <if test="districtId != null">
        DISTRICT_ID = #{districtId,jdbcType=VARCHAR},
      </if>
      <if test="districtName != null">
        DISTRICT_NAME = #{districtName,jdbcType=VARCHAR},
      </if>
      <if test="address != null">
        ADDRESS = #{address,jdbcType=VARCHAR},
      </if>
      <if test="delFlag != null">
        DEL_FLAG = #{delFlag,jdbcType=DECIMAL},
      </if>
      <if test="description != null">
        DESCRIPTION = #{description,jdbcType=VARCHAR},
      </if>
      <if test="createdTime != null">
        CREATED_TIME = #{createdTime,jdbcType=TIMESTAMP},
      </if>
      <if test="updateByUser != null">
        UPDATE_BY_USER = #{updateByUser,jdbcType=VARCHAR},
      </if>
      <if test="modifiedTime != null">
        MODIFIED_TIME = #{modifiedTime,jdbcType=TIMESTAMP},
      </if>
    </set>
    where ID = #{id,jdbcType=VARCHAR}
  </update>
  <update id="updateByPrimaryKey" parameterType="com.longmap.szwtl.vo.TConsumerUser">
    update USERPLAT.T_CONSUMER_USER
    set ACCOUNT = #{account,jdbcType=VARCHAR},
      REALNAME = #{realname,jdbcType=VARCHAR},
      IDENTITY_CARD = #{identityCard,jdbcType=VARCHAR},
      CONTACTS = #{contacts,jdbcType=VARCHAR},
      WX_OPENID = #{wxOpenid,jdbcType=VARCHAR},
      WX_NICKNAME = #{wxNickname,jdbcType=VARCHAR},
      WX_HEADIMGURL = #{wxHeadimgurl,jdbcType=VARCHAR},
      PASSWORD = #{password,jdbcType=VARCHAR},
      AUTHORIZED_PASSWORD = #{authorizedPassword,jdbcType=VARCHAR},
      SALT = #{salt,jdbcType=VARCHAR},
      AVATAR = #{avatar,jdbcType=VARCHAR},
      BIRTHDAY = #{birthday,jdbcType=VARCHAR},
      SEX = #{sex,jdbcType=DECIMAL},
      EMAIL = #{email,jdbcType=VARCHAR},
      STATUS = #{status,jdbcType=DECIMAL},
      PROVINCE_ID = #{provinceId,jdbcType=VARCHAR},
      PROVINCE_NAME = #{provinceName,jdbcType=VARCHAR},
      CITY_ID = #{cityId,jdbcType=VARCHAR},
      CITY_NAME = #{cityName,jdbcType=VARCHAR},
      DISTRICT_ID = #{districtId,jdbcType=VARCHAR},
      DISTRICT_NAME = #{districtName,jdbcType=VARCHAR},
      ADDRESS = #{address,jdbcType=VARCHAR},
      DEL_FLAG = #{delFlag,jdbcType=DECIMAL},
      DESCRIPTION = #{description,jdbcType=VARCHAR},
      CREATED_TIME = #{createdTime,jdbcType=TIMESTAMP},
      UPDATE_BY_USER = #{updateByUser,jdbcType=VARCHAR},
      MODIFIED_TIME = #{modifiedTime,jdbcType=TIMESTAMP}
    where ID = #{id,jdbcType=VARCHAR}
  </update>
</mapper>