<?xml version="1.0" encoding="UTF-8"?>
<!--该日志将日志级别不同的log信息保存到不同的文件中 -->
<configuration>
    <include resource="org/springframework/boot/logging/logback/defaults.xml"/>
    <!-- 日志在工程中的输出位置 -->
    <property name="LOG_FILE" value="/var/auth-center/logs"/>

    <!-- 控制台的日志输出样式 -->
    <property name="CONSOLE_LOG_PATTERN"
              value="%clr(%d{yyyy-MM-dd HH:mm:ss.SSS}){faint} %clr(${LOG_LEVEL_PATTERN:-%5p}) %clr(${PID:- }){magenta} %clr(---){faint} %clr([%15.15t]){faint} %m%n${LOG_EXCEPTION_CONVERSION_WORD:-%wEx}}"/>

    <!-- 控制台输出 -->
    <appender name="console" class="ch.qos.logback.core.ConsoleAppender">
        <filter class="ch.qos.logback.classic.filter.ThresholdFilter">
            <level>INFO</level>
        </filter>
        <!-- 日志输出编码 -->
        <encoder>
            <pattern>${CONSOLE_LOG_PATTERN}</pattern>
            <charset>utf8</charset>
        </encoder>
    </appender>

    <!-- 按照每天生成info日志文件 -->
    <appender name="info-day" class="ch.qos.logback.core.rolling.RollingFileAppender">
        <rollingPolicy class="ch.qos.logback.core.rolling.TimeBasedRollingPolicy">
            <!-- &lt;!&ndash;日志文件输出的文件名&ndash;&gt;-->
            <FileNamePattern>${LOG_FILE}/info/%d{yyyy-MM-dd}.log</FileNamePattern>
            <!--   &lt;!&ndash;日志文件保留天数&ndash;&gt;-->
            <MaxHistory>30</MaxHistory>
        </rollingPolicy>
        <filter class="ch.qos.logback.classic.filter.LevelFilter">
            <level>info</level>
            <onMatch>ACCEPT</onMatch>
            <onMismatch>DENY</onMismatch>
        </filter>
        <encoder class="ch.qos.logback.classic.encoder.PatternLayoutEncoder">
            <!--  &lt;!&ndash;格式化输出：%d表示日期，%thread表示线程名，%-5level：级别从左显示5个字符宽度%msg：日志消息，%n是换行符&ndash;&gt;-->
            <pattern>%d{yyyy-MM-dd HH:mm:ss.SSS} [%thread] %level %logger{50} %msg%n
            </pattern>
        </encoder>
        <!-- &lt;!&ndash;日志文件最大的大小&ndash;&gt;-->
        <triggeringPolicy class="ch.qos.logback.core.rolling.SizeBasedTriggeringPolicy">
            <MaxFileSize>10MB</MaxFileSize>
        </triggeringPolicy>
    </appender>

    <!-- 按照每天生成warn日志文件 -->
    <appender name="warn-day" class="ch.qos.logback.core.rolling.RollingFileAppender">
        <rollingPolicy class="ch.qos.logback.core.rolling.TimeBasedRollingPolicy">
            <!-- &lt;!&ndash;日志文件输出的文件名&ndash;&gt;-->
            <FileNamePattern>${LOG_FILE}/warn/%d{yyyy-MM-dd}.log</FileNamePattern>
            <!--   &lt;!&ndash;日志文件保留天数&ndash;&gt;-->
            <MaxHistory>30</MaxHistory>
        </rollingPolicy>
        <filter class="ch.qos.logback.classic.filter.LevelFilter">
            <level>WARN</level>
            <onMatch>ACCEPT</onMatch>
            <onMismatch>DENY</onMismatch>
        </filter>
        <encoder class="ch.qos.logback.classic.encoder.PatternLayoutEncoder">
            <!--  &lt;!&ndash;格式化输出：%d表示日期，%thread表示线程名，%-5level：级别从左显示5个字符宽度%msg：日志消息，%n是换行符&ndash;&gt;-->
            <pattern>%d{yyyy-MM-dd HH:mm:ss.SSS} [%thread] %level %logger{50} %msg%n
            </pattern>
        </encoder>
        <!-- &lt;!&ndash;日志文件最大的大小&ndash;&gt;-->
        <triggeringPolicy class="ch.qos.logback.core.rolling.SizeBasedTriggeringPolicy">
            <MaxFileSize>10MB</MaxFileSize>
        </triggeringPolicy>
    </appender>

    <!-- 按照每天生成error日志文件 -->
    <appender name="error-day" class="ch.qos.logback.core.rolling.RollingFileAppender">
        <rollingPolicy class="ch.qos.logback.core.rolling.TimeBasedRollingPolicy">
            <!-- &lt;!&ndash;日志文件输出的文件名&ndash;&gt;-->
            <FileNamePattern>${LOG_FILE}/error/%d{yyyy-MM-dd}.log</FileNamePattern>
            <!--   &lt;!&ndash;日志文件保留天数&ndash;&gt;-->
            <MaxHistory>30</MaxHistory>
        </rollingPolicy>
        <filter class="ch.qos.logback.classic.filter.LevelFilter">
            <level>ERROR</level>
            <onMatch>ACCEPT</onMatch>
            <onMismatch>DENY</onMismatch>
        </filter>
        <encoder class="ch.qos.logback.classic.encoder.PatternLayoutEncoder">
            <!--  &lt;!&ndash;格式化输出：%d表示日期，%thread表示线程名，%-5level：级别从左显示5个字符宽度%msg：日志消息，%n是换行符&ndash;&gt;-->
            <pattern>%d{yyyy-MM-dd HH:mm:ss.SSS} [%thread] %level %logger{50} %msg%n
            </pattern>
        </encoder>
        <!-- &lt;!&ndash;日志文件最大的大小&ndash;&gt;-->
        <triggeringPolicy class="ch.qos.logback.core.rolling.SizeBasedTriggeringPolicy">
            <MaxFileSize>10MB</MaxFileSize>
        </triggeringPolicy>
    </appender>

    <!-- 日志输出级别 -->
    <root level="INFO">
        <appender-ref ref="console"/>
        <appender-ref ref="info-day"/>
        <appender-ref ref="error-day"/>
        <appender-ref ref="warn-day"/>
    </root>
</configuration>