<?xml version="1.0" encoding="UTF-8"?>
<!DOCTYPE mapper PUBLIC "-//mybatis.org//DTD Mapper 3.0//EN" "http://mybatis.org/dtd/mybatis-3-mapper.dtd">
<mapper namespace="com.longmap.szwtl.club.mapper.AuditStatusLogMapper">
  <resultMap id="BaseResultMap" type="com.longmap.szwtl.vo.AuditStatusLog">
    <id column="ID" jdbcType="VARCHAR" property="id" />
    <result column="BUSINESS_ID" jdbcType="VARCHAR" property="businessId" />
    <result column="CREATE_USER_ID" jdbcType="VARCHAR" property="createUserId" />
    <result column="CREATE_USER_NAME" jdbcType="VARCHAR" property="createUserName" />
    <result column="CREATE_TIME" jdbcType="TIMESTAMP" property="createTime" />
    <result column="ROLLBACK_REASON" jdbcType="VARCHAR" property="rollbackReason" />
    <result column="MODIFIED_SUGGEST" jdbcType="VARCHAR" property="modifiedSuggest" />
    <result column="AUDIT_STATUS" jdbcType="DECIMAL" property="auditStatus" />
  </resultMap>
  <sql id="Base_Column_List">
    ID, BUSINESS_ID, CREATE_USER_ID, CREATE_USER_NAME, CREATE_TIME, ROLLBACK_REASON, 
    MODIFIED_SUGGEST, AUDIT_STATUS
  </sql>
  <select id="selectByBusinessId" parameterType="java.lang.String" resultMap="BaseResultMap">
    select 
    <include refid="Base_Column_List" />
    from CLUBPLAT.T_AUDIT_STATUS_LOG
    where BUSINESS_ID = #{businessId,jdbcType=VARCHAR}
  </select>
  <delete id="deleteByPrimaryKey" parameterType="java.lang.String">
    delete from CLUBPLAT.T_AUDIT_STATUS_LOG
    where ID = #{id,jdbcType=VARCHAR}
  </delete>
  <insert id="insert" parameterType="com.longmap.szwtl.vo.AuditStatusLog">
    insert into CLUBPLAT.T_AUDIT_STATUS_LOG (ID, BUSINESS_ID, CREATE_USER_ID, 
      CREATE_USER_NAME, CREATE_TIME, ROLLBACK_REASON, 
      MODIFIED_SUGGEST, AUDIT_STATUS)
    values (#{id,jdbcType=VARCHAR}, #{businessId,jdbcType=VARCHAR}, #{createUserId,jdbcType=VARCHAR}, 
      #{createUserName,jdbcType=VARCHAR}, #{createTime,jdbcType=TIMESTAMP}, #{rollbackReason,jdbcType=VARCHAR}, 
      #{modifiedSuggest,jdbcType=VARCHAR}, #{auditStatus,jdbcType=DECIMAL})
  </insert>
  <insert id="insertSelective" parameterType="com.longmap.szwtl.vo.AuditStatusLog">
    insert into CLUBPLAT.T_AUDIT_STATUS_LOG
    <trim prefix="(" suffix=")" suffixOverrides=",">
      <if test="id != null">
        ID,
      </if>
      <if test="businessId != null">
        BUSINESS_ID,
      </if>
      <if test="createUserId != null">
        CREATE_USER_ID,
      </if>
      <if test="createUserName != null">
        CREATE_USER_NAME,
      </if>
      <if test="createTime != null">
        CREATE_TIME,
      </if>
      <if test="rollbackReason != null">
        ROLLBACK_REASON,
      </if>
      <if test="modifiedSuggest != null">
        MODIFIED_SUGGEST,
      </if>
      <if test="auditStatus != null">
        AUDIT_STATUS,
      </if>
    </trim>
    <trim prefix="values (" suffix=")" suffixOverrides=",">
      <if test="id != null">
        #{id,jdbcType=VARCHAR},
      </if>
      <if test="businessId != null">
        #{businessId,jdbcType=VARCHAR},
      </if>
      <if test="createUserId != null">
        #{createUserId,jdbcType=VARCHAR},
      </if>
      <if test="createUserName != null">
        #{createUserName,jdbcType=VARCHAR},
      </if>
      <if test="createTime != null">
        #{createTime,jdbcType=TIMESTAMP},
      </if>
      <if test="rollbackReason != null">
        #{rollbackReason,jdbcType=VARCHAR},
      </if>
      <if test="modifiedSuggest != null">
        #{modifiedSuggest,jdbcType=VARCHAR},
      </if>
      <if test="auditStatus != null">
        #{auditStatus,jdbcType=DECIMAL},
      </if>
    </trim>
  </insert>
  <update id="updateByPrimaryKeySelective" parameterType="com.longmap.szwtl.vo.AuditStatusLog">
    update CLUBPLAT.T_AUDIT_STATUS_LOG
    <set>
      <if test="businessId != null">
        BUSINESS_ID = #{businessId,jdbcType=VARCHAR},
      </if>
      <if test="createUserId != null">
        CREATE_USER_ID = #{createUserId,jdbcType=VARCHAR},
      </if>
      <if test="createUserName != null">
        CREATE_USER_NAME = #{createUserName,jdbcType=VARCHAR},
      </if>
      <if test="createTime != null">
        CREATE_TIME = #{createTime,jdbcType=TIMESTAMP},
      </if>
      <if test="rollbackReason != null">
        ROLLBACK_REASON = #{rollbackReason,jdbcType=VARCHAR},
      </if>
      <if test="modifiedSuggest != null">
        MODIFIED_SUGGEST = #{modifiedSuggest,jdbcType=VARCHAR},
      </if>
      <if test="auditStatus != null">
        AUDIT_STATUS = #{auditStatus,jdbcType=DECIMAL},
      </if>
    </set>
    where ID = #{id,jdbcType=VARCHAR}
  </update>
  <update id="updateByPrimaryKey" parameterType="com.longmap.szwtl.vo.AuditStatusLog">
    update CLUBPLAT.T_AUDIT_STATUS_LOG
    set BUSINESS_ID = #{businessId,jdbcType=VARCHAR},
      CREATE_USER_ID = #{createUserId,jdbcType=VARCHAR},
      CREATE_USER_NAME = #{createUserName,jdbcType=VARCHAR},
      CREATE_TIME = #{createTime,jdbcType=TIMESTAMP},
      ROLLBACK_REASON = #{rollbackReason,jdbcType=VARCHAR},
      MODIFIED_SUGGEST = #{modifiedSuggest,jdbcType=VARCHAR},
      AUDIT_STATUS = #{auditStatus,jdbcType=DECIMAL}
    where ID = #{id,jdbcType=VARCHAR}
  </update>
</mapper>