<?xml version="1.0" encoding="UTF-8"?>
<!DOCTYPE mapper PUBLIC "-//mybatis.org//DTD Mapper 3.0//EN" "http://mybatis.org/dtd/mybatis-3-mapper.dtd">
<mapper namespace="com.longmap.szwtl.club.mapper.ClubApplyMapper">
  <resultMap id="BaseResultMap" type="com.longmap.szwtl.vo.ClubApply">
    <id column="ID" jdbcType="VARCHAR" property="id" />
    <result column="ACCOUNT" jdbcType="VARCHAR" property="account" />
    <result column="REALNAME" jdbcType="VARCHAR" property="realname" />
    <result column="CLUB_ID" jdbcType="VARCHAR" property="clubId" />
    <result column="STATUS" jdbcType="VARCHAR" property="status" />
    <result column="CREATED_TIME" jdbcType="TIMESTAMP" property="createdTime" />
    <result column="USER_ID" jdbcType="VARCHAR" property="userId" />
  </resultMap>
  <sql id="Base_Column_List">
    ID, ACCOUNT, REALNAME, CLUB_ID, STATUS, CREATED_TIME, USER_ID
  </sql>
  <select id="selectByPrimaryKey" parameterType="java.lang.String" resultMap="BaseResultMap">
    select 
    <include refid="Base_Column_List" />
    from CLUBPLAT.T_CLUB_APPLY
    where ID = #{id,jdbcType=VARCHAR}
  </select>
  <delete id="deleteByPrimaryKey" parameterType="java.lang.String">
    delete from CLUBPLAT.T_CLUB_APPLY
    where ID = #{id,jdbcType=VARCHAR}
  </delete>

  <insert id="insert" parameterType="com.longmap.szwtl.vo.ClubApply">
    insert into CLUBPLAT.T_CLUB_APPLY (ID, ACCOUNT, REALNAME, 
      CLUB_ID, STATUS, CREATED_TIME, 
      USER_ID)
    values (#{id,jdbcType=VARCHAR}, #{account,jdbcType=VARCHAR}, #{realname,jdbcType=VARCHAR}, 
      #{clubId,jdbcType=VARCHAR}, #{status,jdbcType=VARCHAR}, #{createdTime,jdbcType=TIMESTAMP}, 
      #{userId,jdbcType=VARCHAR})
  </insert>
  <insert id="insertSelective" parameterType="com.longmap.szwtl.vo.ClubApply">
    insert into CLUBPLAT.T_CLUB_APPLY
    <trim prefix="(" suffix=")" suffixOverrides=",">
      <if test="id != null">
        ID,
      </if>
      <if test="account != null">
        ACCOUNT,
      </if>
      <if test="realname != null">
        REALNAME,
      </if>
      <if test="clubId != null">
        CLUB_ID,
      </if>
      <if test="status != null">
        STATUS,
      </if>
      <if test="createdTime != null">
        CREATED_TIME,
      </if>
      <if test="userId != null">
        USER_ID,
      </if>
    </trim>
    <trim prefix="values (" suffix=")" suffixOverrides=",">
      <if test="id != null">
        #{id,jdbcType=VARCHAR},
      </if>
      <if test="account != null">
        #{account,jdbcType=VARCHAR},
      </if>
      <if test="realname != null">
        #{realname,jdbcType=VARCHAR},
      </if>
      <if test="clubId != null">
        #{clubId,jdbcType=VARCHAR},
      </if>
      <if test="status != null">
        #{status,jdbcType=VARCHAR},
      </if>
      <if test="createdTime != null">
        #{createdTime,jdbcType=TIMESTAMP},
      </if>
      <if test="userId != null">
        #{userId,jdbcType=VARCHAR},
      </if>
    </trim>
  </insert>
  <update id="updateByPrimaryKeySelective" parameterType="com.longmap.szwtl.vo.ClubApply">
    update CLUBPLAT.T_CLUB_APPLY
    <set>
      <if test="account != null">
        ACCOUNT = #{account,jdbcType=VARCHAR},
      </if>
      <if test="realname != null">
        REALNAME = #{realname,jdbcType=VARCHAR},
      </if>
      <if test="clubId != null">
        CLUB_ID = #{clubId,jdbcType=VARCHAR},
      </if>
      <if test="status != null">
        STATUS = #{status,jdbcType=VARCHAR},
      </if>
      <if test="createdTime != null">
        CREATED_TIME = #{createdTime,jdbcType=TIMESTAMP},
      </if>
      <if test="userId != null">
        USER_ID = #{userId,jdbcType=VARCHAR},
      </if>
    </set>
    where ID = #{id,jdbcType=VARCHAR}
  </update>

  <!--修改申请社团表的状态 -->
  <update id="updateByStatus" parameterType="com.longmap.szwtl.vo.ClubApply">
    update CLUBPLAT.T_CLUB_APPLY
    set
      STATUS = #{status,jdbcType=VARCHAR}
    where USER_ID = #{userId,jdbcType=VARCHAR}
  </update>

  <!--根据用户id和社团id删除社团信息-->
  <delete id="deleteByClubIdAndUserId" parameterType="java.lang.String">
    delete from CLUBPLAT.T_CLUB_APPLY
    where CLUB_ID = #{clubId,jdbcType=VARCHAR} AND USER_ID = #{userId,jdbcType=VARCHAR}
  </delete>


  <!-- 条件-->
  <sql id="whereDetailsQuerySQL">
    <if test="clubId != null">
      AND  CLUB_ID = #{clubId}
    </if>
    <if test="userId != null">
      and USER_ID = #{userId}
    </if>
    order by CLUB_ID asc
  </sql>
  <!--根据社团id和用户id、社团名称查询社团信息-->
  <select id="selectByClubIdAndUserId" parameterType="java.lang.String" resultMap="BaseResultMap">
    select
    <include refid="Base_Column_List" />
    from CLUBPLAT.T_CLUB_APPLY
    where 1=1 <include refid="whereDetailsQuerySQL" />
  </select>


  <!--根据用户id查询社团信息-->
  <select id="queryClubApplyByUserId" parameterType="java.lang.String" resultMap="BaseResultMap">
    select
    <include refid="Base_Column_List" />
    from CLUBPLAT.T_CLUB_APPLY
    where USER_ID = #{userId,jdbcType=VARCHAR}
  </select>



  <!-- 分页条件-->
  <sql id="wherePersonalPageSQL">
    <if test="realname != null">
      and clubApply.REALNAME like '%'||#{realname}||'%'
    </if>
    <if test="clubName != null">
      and clubApply.CLUB_ID in (select CLUB_ID from T_CLUB_INFO where CLUB_NAME like '%'||#{clubName}||'%')
    </if>
    order by clubApply.CLUB_ID asc
  </sql>

  <!-- 社团用户列表分页查询 -->
  <select id="getClubInfoByUserList"  resultType="com.longmap.szwtl.club.controller.model.request.ClubInfoApplyListRequest">
    select clubInfo.CLUB_ID as CLUBID,clubApply.ID as APPLYID,clubInfo.CLUB_NAME as CLUBNAME,clubApply.REALNAME,clubApply.STATUS,clubApply.CREATED_TIME as CREATEDTIME  from T_CLUB_APPLY clubApply
    join T_CLUB_INFO clubInfo on clubApply.CLUB_ID=clubInfo.CLUB_ID
    where 1=1  <include refid="wherePersonalPageSQL" />
  </select>

</mapper>