<?xml version="1.0" encoding="UTF-8"?>
<!DOCTYPE mapper PUBLIC "-//mybatis.org//DTD Mapper 3.0//EN" "http://mybatis.org/dtd/mybatis-3-mapper.dtd">
<mapper namespace="com.longmap.szwtl.club.mapper.ClubInfoShowMapper">
  <resultMap id="BaseResultMap" type="com.longmap.szwtl.vo.ClubInfo">
    <id column="CLUB_ID" jdbcType="VARCHAR" property="clubId" />
    <result column="RECRUITMENT_TIME" jdbcType="VARCHAR" property="recruitmentTime" />
    <result column="RECRUITMENT" jdbcType="DECIMAL" property="recruitment" />
    <result column="CLUB_NAME" jdbcType="VARCHAR" property="clubName" />
    <result column="ADDRESS" jdbcType="VARCHAR" property="address" />
    <result column="ESTABLISHMENT_TIME" jdbcType="TIMESTAMP" property="establishmentTime" />
    <result column="COMMUNITY_INTRODUCTION" property="communityIntroduction" jdbcType="CLOB" javaType = "java.lang.String"/>
    <result column="RECRUITMENT_REQUIREMENTS" jdbcType="VARCHAR" property="recruitmentRequirements" />
    <result column="LEAVING_MESSAGE" jdbcType="VARCHAR" property="leavingMessage" />
    <result column="COMMUNITY_ELEGANCE" jdbcType="VARCHAR" property="communityElegance" />
    <result column="PUBLISHER" jdbcType="VARCHAR" property="publisher" />
    <result column="RELEASE_TIME" jdbcType="VARCHAR" property="releaseTime" />
    <result column="STATUS" jdbcType="DECIMAL" property="status" />
    <result column="HOT_NUM" jdbcType="DECIMAL" property="hotNum" />
    <result column="RECOMMAND_TYPE" jdbcType="DECIMAL" property="recommandType" />
    <result column="CREATE_USER" jdbcType="VARCHAR" property="createUser" />
    <result column="CREATED_TIME" jdbcType="TIMESTAMP" property="createdTime" />
    <result column="MODIFIED_TIME" jdbcType="TIMESTAMP" property="modifiedTime" />
    <result column="ENTERPRISEID" jdbcType="VARCHAR" property="enterpriseid" />
    <result column="PROVINCE_ID" jdbcType="VARCHAR" property="provinceId" />
    <result column="PROVINCE_NAME" jdbcType="VARCHAR" property="provinceName" />
    <result column="CITY_ID" jdbcType="VARCHAR" property="cityId" />
    <result column="CITY_NAME" jdbcType="VARCHAR" property="cityName" />
    <result column="DISTRICT_ID" jdbcType="VARCHAR" property="districtId" />
    <result column="DISTRICT_NAME" jdbcType="VARCHAR" property="districtName" />
    <result column="SUB_DISTRICT_ID" jdbcType="VARCHAR" property="subDistrictId" />
    <result column="SUB_DISTRICT_NAME" jdbcType="VARCHAR" property="subDistrictName" />
    <result column="LONGITUDE" jdbcType="VARCHAR" property="longitude" />
    <result column="LATITUDE" jdbcType="VARCHAR" property="latitude" />
    <result column="AUDITMAN" jdbcType="VARCHAR" property="auditman" />
    <result column="AUDIT_TIME" jdbcType="VARCHAR" property="auditTime" />
    <result column="AUDIT_STATUS" jdbcType="DECIMAL" property="auditStatus" />
    <result column="AUDIT_REMARK" jdbcType="VARCHAR" property="auditRemark" />
    <result column="CREATE_USER_ID" jdbcType="VARCHAR" property="createUserId" />
    <result column="PHONE" jdbcType="VARCHAR" property="phone" />
    <result column="PICTURE_HORIZONTAL" jdbcType="VARCHAR" property="pictureHorizontal" />
    <result column="PICTURE_VERTICAL" jdbcType="VARCHAR" property="pictureVertical" />
    <result column="ALREADY_NUM" jdbcType="DECIMAL" property="alreadyNum" />
    <result column="CLUB_STATUS" jdbcType="DECIMAL" property="clubStatus" />
    <result column="PICTURE" jdbcType="VARCHAR" property="picture" />
  </resultMap>
  <sql id="Base_Column_List">
    CLUB_ID, RECRUITMENT_TIME, RECRUITMENT, CLUB_NAME, ADDRESS, ESTABLISHMENT_TIME,
    COMMUNITY_INTRODUCTION, RECRUITMENT_REQUIREMENTS, LEAVING_MESSAGE, COMMUNITY_ELEGANCE,
    PUBLISHER, RELEASE_TIME, STATUS, HOT_NUM, RECOMMAND_TYPE, CREATE_USER, CREATED_TIME,
    MODIFIED_TIME, ENTERPRISEID, PROVINCE_ID, PROVINCE_NAME, CITY_ID, CITY_NAME, DISTRICT_ID,
    DISTRICT_NAME, SUB_DISTRICT_ID, SUB_DISTRICT_NAME, LONGITUDE, LATITUDE, AUDITMAN,
    AUDIT_TIME, AUDIT_STATUS, AUDIT_REMARK, CREATE_USER_ID, PHONE, PICTURE_HORIZONTAL, PICTURE_VERTICAL,
    ALREADY_NUM,CLUB_STATUS,PICTURE
  </sql>
  <select id="selectByPrimaryKey" parameterType="java.lang.String" resultMap="BaseResultMap">
    select
    <include refid="Base_Column_List" />
    from CLUBPLAT.T_CLUB_INFO
    where CLUB_ID = #{clubId,jdbcType=VARCHAR}
  </select>
  <delete id="deleteByPrimaryKey" parameterType="java.lang.String">
    delete from CLUBPLAT.T_CLUB_INFO
    where CLUB_ID = #{clubId,jdbcType=VARCHAR}
  </delete>
  <insert id="insert" parameterType="com.longmap.szwtl.vo.ClubInfo">
    insert into CLUBPLAT.T_CLUB_INFO (CLUB_ID, RECRUITMENT_TIME, RECRUITMENT,
      CLUB_NAME, ADDRESS,
      ESTABLISHMENT_TIME, COMMUNITY_INTRODUCTION,
      RECRUITMENT_REQUIREMENTS, LEAVING_MESSAGE,
      COMMUNITY_ELEGANCE, PUBLISHER, RELEASE_TIME,
      STATUS, HOT_NUM, RECOMMAND_TYPE,
      CREATE_USER, CREATED_TIME, MODIFIED_TIME,
      ENTERPRISEID, PROVINCE_ID, PROVINCE_NAME,
      CITY_ID, CITY_NAME, DISTRICT_ID,
      DISTRICT_NAME, SUB_DISTRICT_ID, SUB_DISTRICT_NAME,
      LONGITUDE, LATITUDE, AUDITMAN,
      AUDIT_TIME, AUDIT_STATUS, AUDIT_REMARK,
      CREATE_USER_ID, PHONE, PICTURE_HORIZONTAL,
      PICTURE_VERTICAL, ALREADY_NUM,CLUB_STATUS,PICTURE)
    values (#{clubId,jdbcType=VARCHAR}, #{recruitmentTime,jdbcType=VARCHAR}, #{recruitment,jdbcType=DECIMAL},
      #{clubName,jdbcType=VARCHAR}, #{clubClassId,jdbcType=DECIMAL}, #{address,jdbcType=VARCHAR},
      #{establishmentTime,jdbcType=TIMESTAMP}, #{communityIntroduction,jdbcType=VARCHAR},
      #{recruitmentRequirements,jdbcType=VARCHAR}, #{leavingMessage,jdbcType=VARCHAR},
      #{communityElegance,jdbcType=VARCHAR}, #{publisher,jdbcType=VARCHAR}, #{releaseTime,jdbcType=VARCHAR},
      #{status,jdbcType=DECIMAL}, #{hotNum,jdbcType=DECIMAL}, #{recommandType,jdbcType=DECIMAL},
      #{createUser,jdbcType=VARCHAR}, #{createdTime,jdbcType=TIMESTAMP}, #{modifiedTime,jdbcType=TIMESTAMP},
      #{enterpriseid,jdbcType=VARCHAR}, #{provinceId,jdbcType=VARCHAR}, #{provinceName,jdbcType=VARCHAR},
      #{cityId,jdbcType=VARCHAR}, #{cityName,jdbcType=VARCHAR}, #{districtId,jdbcType=VARCHAR},
      #{districtName,jdbcType=VARCHAR}, #{subDistrictId,jdbcType=VARCHAR}, #{subDistrictName,jdbcType=VARCHAR},
      #{longitude,jdbcType=VARCHAR}, #{latitude,jdbcType=VARCHAR}, #{auditman,jdbcType=VARCHAR},
      #{auditTime,jdbcType=VARCHAR}, #{auditStatus,jdbcType=DECIMAL}, #{auditRemark,jdbcType=VARCHAR},
      #{createUserId,jdbcType=VARCHAR}, #{phone,jdbcType=VARCHAR}, #{pictureHorizontal,jdbcType=VARCHAR},
      #{pictureVertical,jdbcType=VARCHAR}, #{alreadyNum,jdbcType=DECIMAL}, #{clubStatus,jdbcType=DECIMAL} ,#{picture,jdbcType=VARCHAR} )
  </insert>
  <insert id="insertSelective" parameterType="com.longmap.szwtl.vo.ClubInfo">
    insert into CLUBPLAT.T_CLUB_INFO
    <trim prefix="(" suffix=")" suffixOverrides=",">
      <if test="clubId != null">
        CLUB_ID,
      </if>
      <if test="recruitmentTime != null">
        RECRUITMENT_TIME,
      </if>
      <if test="recruitment != null">
        RECRUITMENT,
      </if>
      <if test="clubName != null">
        CLUB_NAME,
      </if>

      <if test="address != null">
        ADDRESS,
      </if>
      <if test="establishmentTime != null">
        ESTABLISHMENT_TIME,
      </if>
      <if test="communityIntroduction != null">
        COMMUNITY_INTRODUCTION,
      </if>
      <if test="recruitmentRequirements != null">
        RECRUITMENT_REQUIREMENTS,
      </if>
      <if test="leavingMessage != null">
        LEAVING_MESSAGE,
      </if>
      <if test="communityElegance != null">
        COMMUNITY_ELEGANCE,
      </if>
      <if test="publisher != null">
        PUBLISHER,
      </if>
      <if test="releaseTime != null">
        RELEASE_TIME,
      </if>
      <if test="status != null">
        STATUS,
      </if>
      <if test="hotNum != null">
        HOT_NUM,
      </if>
      <if test="recommandType != null">
        RECOMMAND_TYPE,
      </if>
      <if test="createUser != null">
        CREATE_USER,
      </if>
      <if test="createdTime != null">
        CREATED_TIME,
      </if>
      <if test="modifiedTime != null">
        MODIFIED_TIME,
      </if>
      <if test="enterpriseid != null">
        ENTERPRISEID,
      </if>
      <if test="provinceId != null">
        PROVINCE_ID,
      </if>
      <if test="provinceName != null">
        PROVINCE_NAME,
      </if>
      <if test="cityId != null">
        CITY_ID,
      </if>
      <if test="cityName != null">
        CITY_NAME,
      </if>
      <if test="districtId != null">
        DISTRICT_ID,
      </if>
      <if test="districtName != null">
        DISTRICT_NAME,
      </if>
      <if test="subDistrictId != null">
        SUB_DISTRICT_ID,
      </if>
      <if test="subDistrictName != null">
        SUB_DISTRICT_NAME,
      </if>
      <if test="longitude != null">
        LONGITUDE,
      </if>
      <if test="latitude != null">
        LATITUDE,
      </if>
      <if test="auditman != null">
        AUDITMAN,
      </if>
      <if test="auditTime != null">
        AUDIT_TIME,
      </if>
      <if test="auditStatus != null">
        AUDIT_STATUS,
      </if>
      <if test="auditRemark != null">
        AUDIT_REMARK,
      </if>
      <if test="createUserId != null">
        CREATE_USER_ID,
      </if>
      <if test="phone != null">
        PHONE,
      </if>
      <if test="pictureHorizontal != null">
        PICTURE_HORIZONTAL,
      </if>
      <if test="pictureVertical != null">
        PICTURE_VERTICAL,
      </if>
      <if test="alreadyNum != null">
        ALREADY_NUM,
      </if>
      <if test="clubStatus != null">
        CLUB_STATUS,
      </if>
      <if test="picture != null">
        PICTURE,
      </if>
    </trim>
    <trim prefix="values (" suffix=")" suffixOverrides=",">
      <if test="clubId != null">
        #{clubId,jdbcType=VARCHAR},
      </if>
      <if test="recruitmentTime != null">
        #{recruitmentTime,jdbcType=VARCHAR},
      </if>
      <if test="recruitment != null">
        #{recruitment,jdbcType=DECIMAL},
      </if>
      <if test="clubName != null">
        #{clubName,jdbcType=VARCHAR},
      </if>
      <if test="clubClassId != null">
        #{clubClassId,jdbcType=DECIMAL},
      </if>
      <if test="address != null">
        #{address,jdbcType=VARCHAR},
      </if>
      <if test="establishmentTime != null">
        #{establishmentTime,jdbcType=TIMESTAMP},
      </if>
      <if test="communityIntroduction != null">
        #{communityIntroduction,jdbcType=VARCHAR},
      </if>
      <if test="recruitmentRequirements != null">
        #{recruitmentRequirements,jdbcType=VARCHAR},
      </if>
      <if test="leavingMessage != null">
        #{leavingMessage,jdbcType=VARCHAR},
      </if>
      <if test="communityElegance != null">
        #{communityElegance,jdbcType=VARCHAR},
      </if>
      <if test="publisher != null">
        #{publisher,jdbcType=VARCHAR},
      </if>
      <if test="releaseTime != null">
        #{releaseTime,jdbcType=VARCHAR},
      </if>
      <if test="status != null">
        #{status,jdbcType=DECIMAL},
      </if>
      <if test="hotNum != null">
        #{hotNum,jdbcType=DECIMAL},
      </if>
      <if test="recommandType != null">
        #{recommandType,jdbcType=DECIMAL},
      </if>
      <if test="createUser != null">
        #{createUser,jdbcType=VARCHAR},
      </if>
      <if test="createdTime != null">
        #{createdTime,jdbcType=TIMESTAMP},
      </if>
      <if test="modifiedTime != null">
        #{modifiedTime,jdbcType=TIMESTAMP},
      </if>
      <if test="enterpriseid != null">
        #{enterpriseid,jdbcType=VARCHAR},
      </if>
      <if test="provinceId != null">
        #{provinceId,jdbcType=VARCHAR},
      </if>
      <if test="provinceName != null">
        #{provinceName,jdbcType=VARCHAR},
      </if>
      <if test="cityId != null">
        #{cityId,jdbcType=VARCHAR},
      </if>
      <if test="cityName != null">
        #{cityName,jdbcType=VARCHAR},
      </if>
      <if test="districtId != null">
        #{districtId,jdbcType=VARCHAR},
      </if>
      <if test="districtName != null">
        #{districtName,jdbcType=VARCHAR},
      </if>
      <if test="subDistrictId != null">
        #{subDistrictId,jdbcType=VARCHAR},
      </if>
      <if test="subDistrictName != null">
        #{subDistrictName,jdbcType=VARCHAR},
      </if>
      <if test="longitude != null">
        #{longitude,jdbcType=VARCHAR},
      </if>
      <if test="latitude != null">
        #{latitude,jdbcType=VARCHAR},
      </if>
      <if test="auditman != null">
        #{auditman,jdbcType=VARCHAR},
      </if>
      <if test="auditTime != null">
        #{auditTime,jdbcType=VARCHAR},
      </if>
      <if test="auditStatus != null">
        #{auditStatus,jdbcType=DECIMAL},
      </if>
      <if test="auditRemark != null">
        #{auditRemark,jdbcType=VARCHAR},
      </if>
      <if test="createUserId != null">
        #{createUserId,jdbcType=VARCHAR},
      </if>
      <if test="phone != null">
        #{phone,jdbcType=VARCHAR},
      </if>
      <if test="pictureHorizontal != null">
        #{pictureHorizontal,jdbcType=VARCHAR},
      </if>
      <if test="pictureVertical != null">
        #{pictureVertical,jdbcType=VARCHAR},
      </if>
      <if test="alreadyNum != null">
        #{alreadyNum,jdbcType=DECIMAL},
      </if>
      <if test="clubStatus != null">
        #{clubStatus,jdbcType=DECIMAL},
      </if>
      <if test="picture != null">
        #{picture,jdbcType=VARCHAR},
      </if>
    </trim>
  </insert>
  <update id="updateByPrimaryKeySelective" parameterType="com.longmap.szwtl.vo.ClubInfo">
    update CLUBPLAT.T_CLUB_INFO
    <set>
      <if test="recruitmentTime != null">
        RECRUITMENT_TIME = #{recruitmentTime,jdbcType=VARCHAR},
      </if>
      <if test="recruitment != null">
        RECRUITMENT = #{recruitment,jdbcType=DECIMAL},
      </if>
      <if test="clubName != null">
        CLUB_NAME = #{clubName,jdbcType=VARCHAR},
      </if>

      <if test="address != null">
        ADDRESS = #{address,jdbcType=VARCHAR},
      </if>
      <if test="establishmentTime != null">
        ESTABLISHMENT_TIME = #{establishmentTime,jdbcType=TIMESTAMP},
      </if>
      <if test="communityIntroduction != null">
        COMMUNITY_INTRODUCTION = #{communityIntroduction,jdbcType=VARCHAR},
      </if>
      <if test="recruitmentRequirements != null">
        RECRUITMENT_REQUIREMENTS = #{recruitmentRequirements,jdbcType=VARCHAR},
      </if>
      <if test="leavingMessage != null">
        LEAVING_MESSAGE = #{leavingMessage,jdbcType=VARCHAR},
      </if>
      <if test="communityElegance != null">
        COMMUNITY_ELEGANCE = #{communityElegance,jdbcType=VARCHAR},
      </if>
      <if test="publisher != null">
        PUBLISHER = #{publisher,jdbcType=VARCHAR},
      </if>
      <if test="releaseTime != null">
        RELEASE_TIME = #{releaseTime,jdbcType=VARCHAR},
      </if>
      <if test="status != null">
        STATUS = #{status,jdbcType=DECIMAL},
      </if>
      <if test="hotNum != null">
        HOT_NUM = #{hotNum,jdbcType=DECIMAL},
      </if>
      <if test="recommandType != null">
        RECOMMAND_TYPE = #{recommandType,jdbcType=DECIMAL},
      </if>
      <if test="createUser != null">
        CREATE_USER = #{createUser,jdbcType=VARCHAR},
      </if>
      <if test="createdTime != null">
        CREATED_TIME = #{createdTime,jdbcType=TIMESTAMP},
      </if>
      <if test="modifiedTime != null">
        MODIFIED_TIME = #{modifiedTime,jdbcType=TIMESTAMP},
      </if>
      <if test="enterpriseid != null">
        ENTERPRISEID = #{enterpriseid,jdbcType=VARCHAR},
      </if>
      <if test="provinceId != null">
        PROVINCE_ID = #{provinceId,jdbcType=VARCHAR},
      </if>
      <if test="provinceName != null">
        PROVINCE_NAME = #{provinceName,jdbcType=VARCHAR},
      </if>
      <if test="cityId != null">
        CITY_ID = #{cityId,jdbcType=VARCHAR},
      </if>
      <if test="cityName != null">
        CITY_NAME = #{cityName,jdbcType=VARCHAR},
      </if>
      <if test="districtId != null">
        DISTRICT_ID = #{districtId,jdbcType=VARCHAR},
      </if>
      <if test="districtName != null">
        DISTRICT_NAME = #{districtName,jdbcType=VARCHAR},
      </if>
      <if test="subDistrictId != null">
        SUB_DISTRICT_ID = #{subDistrictId,jdbcType=VARCHAR},
      </if>
      <if test="subDistrictName != null">
        SUB_DISTRICT_NAME = #{subDistrictName,jdbcType=VARCHAR},
      </if>
      <if test="longitude != null">
        LONGITUDE = #{longitude,jdbcType=VARCHAR},
      </if>
      <if test="latitude != null">
        LATITUDE = #{latitude,jdbcType=VARCHAR},
      </if>
      <if test="auditman != null">
        AUDITMAN = #{auditman,jdbcType=VARCHAR},
      </if>
      <if test="auditTime != null">
        AUDIT_TIME = #{auditTime,jdbcType=VARCHAR},
      </if>
      <if test="auditStatus != null">
        AUDIT_STATUS = #{auditStatus,jdbcType=DECIMAL},
      </if>
      <if test="auditRemark != null">
        AUDIT_REMARK = #{auditRemark,jdbcType=VARCHAR},
      </if>
      <if test="createUserId != null">
        CREATE_USER_ID = #{createUserId,jdbcType=VARCHAR},
      </if>
      <if test="phone != null">
        PHONE = #{phone,jdbcType=VARCHAR},
      </if>
      <if test="pictureHorizontal != null">
        PICTURE_HORIZONTAL = #{pictureHorizontal,jdbcType=VARCHAR},
      </if>
      <if test="pictureVertical != null">
        PICTURE_VERTICAL = #{pictureVertical,jdbcType=VARCHAR},
      </if>
      <if test="alreadyNum != null">
        ALREADY_NUM = #{alreadyNum,jdbcType=DECIMAL},
      </if>
      <if test="clubStatus != null">
        CLUB_STATUS = #{clubStatus,jdbcType=DECIMAL}
      </if>
      <if test="picture != null">
        PICTURE = #{picture,jdbcType=VARCHAR},
      </if>
    </set>
    where CLUB_ID = #{clubId,jdbcType=VARCHAR}
  </update>
  <update id="updateByPrimaryKey" parameterType="com.longmap.szwtl.vo.ClubInfo">
    update CLUBPLAT.T_CLUB_INFO
    set RECRUITMENT_TIME = #{recruitmentTime,jdbcType=VARCHAR},
      RECRUITMENT = #{recruitment,jdbcType=DECIMAL},
      CLUB_NAME = #{clubName,jdbcType=VARCHAR},
      ADDRESS = #{address,jdbcType=VARCHAR},
      ESTABLISHMENT_TIME = #{establishmentTime,jdbcType=TIMESTAMP},
      COMMUNITY_INTRODUCTION = #{communityIntroduction,jdbcType=VARCHAR},
      RECRUITMENT_REQUIREMENTS = #{recruitmentRequirements,jdbcType=VARCHAR},
      LEAVING_MESSAGE = #{leavingMessage,jdbcType=VARCHAR},
      COMMUNITY_ELEGANCE = #{communityElegance,jdbcType=VARCHAR},
      PUBLISHER = #{publisher,jdbcType=VARCHAR},
      RELEASE_TIME = #{releaseTime,jdbcType=VARCHAR},
      STATUS = #{status,jdbcType=DECIMAL},
      HOT_NUM = #{hotNum,jdbcType=DECIMAL},
      RECOMMAND_TYPE = #{recommandType,jdbcType=DECIMAL},
      CREATE_USER = #{createUser,jdbcType=VARCHAR},
      CREATED_TIME = #{createdTime,jdbcType=TIMESTAMP},
      MODIFIED_TIME = #{modifiedTime,jdbcType=TIMESTAMP},
      ENTERPRISEID = #{enterpriseid,jdbcType=VARCHAR},
      PROVINCE_ID = #{provinceId,jdbcType=VARCHAR},
      PROVINCE_NAME = #{provinceName,jdbcType=VARCHAR},
      CITY_ID = #{cityId,jdbcType=VARCHAR},
      CITY_NAME = #{cityName,jdbcType=VARCHAR},
      DISTRICT_ID = #{districtId,jdbcType=VARCHAR},
      DISTRICT_NAME = #{districtName,jdbcType=VARCHAR},
      SUB_DISTRICT_ID = #{subDistrictId,jdbcType=VARCHAR},
      SUB_DISTRICT_NAME = #{subDistrictName,jdbcType=VARCHAR},
      LONGITUDE = #{longitude,jdbcType=VARCHAR},
      LATITUDE = #{latitude,jdbcType=VARCHAR},
      AUDITMAN = #{auditman,jdbcType=VARCHAR},
      AUDIT_TIME = #{auditTime,jdbcType=VARCHAR},
      AUDIT_STATUS = #{auditStatus,jdbcType=DECIMAL},
      AUDIT_REMARK = #{auditRemark,jdbcType=VARCHAR},
      CREATE_USER_ID = #{createUserId,jdbcType=VARCHAR},
      PHONE = #{phone,jdbcType=VARCHAR},
      PICTURE_HORIZONTAL = #{pictureHorizontal,jdbcType=VARCHAR},
      PICTURE_VERTICAL = #{pictureVertical,jdbcType=VARCHAR},
      ALREADY_NUM = #{alreadyNum,jdbcType=DECIMAL},
      CLUB_STATUS = #{clubStatus,jdbcType=DECIMAL},
      PICTURE = #{picture,jdbcType=VARCHAR}
    where CLUB_ID = #{clubId,jdbcType=VARCHAR}
  </update>




  <!-- 条件-->
  <sql id="whereSQL">
    <if test="clubClassId != null">
      and CLUB_ID IN (select CLUB_ID from T_CLUB_CLASS_INFO WHERE CLUB_CLASS_ID = #{clubClassId})
    </if>
    <if test="districtId != null and districtId != ''">
      and DISTRICT_ID = #{districtId}
    </if>
    <if test="status != null">
      and STATUS = #{status}
    </if>
    <if test="clubName != null">
      and CLUB_NAME like '%'||#{clubName}||'%'
    </if>
    and CLUB_STATUS = 0

    ORDER BY CREATED_TIME DESC
  </sql>

  <!-- 分页查询社团列表 -->
  <select id="getClubInfoShowList" resultMap="BaseResultMap" parameterType="com.longmap.szwtl.vo.ClubInfo">
    select <include refid="Base_Column_List" />
    from CLUBPLAT.T_CLUB_INFO
    where 1=1  <include refid="whereSQL" />
  </select>


  <!-- 个人中心我的社团查询条件-->
  <sql id="whereSQLByUser">
    <if test="clubClassId != null">
      and CLUB_ID IN (select CLUB_ID from T_CLUB_CLASS_INFO WHERE CLUB_CLASS_ID = #{clubClassId})
    </if>
    and CLUB_ID in (select CLUB_ID from T_CLUB_APPLY where USER_ID = #{userId})
    and CLUB_STATUS=0
  </sql>

  <!-- 根据用户id查询社团信息 -->
  <select id="getClubInfoShowByUserIdList" parameterType="java.lang.String" resultMap="BaseResultMap">
    select <include refid="Base_Column_List" />
    from T_CLUB_INFO
    where 1=1 <include refid="whereSQLByUser" />
  </select>

  <!--根据社团id查询社团基本信息表-->
  <select id="queryClubInfoShowById" parameterType="java.lang.String" resultMap="BaseResultMap">
    select
    <include refid="Base_Column_List" />
    from CLUBPLAT.T_CLUB_INFO
    where CLUB_ID = #{clubId,jdbcType=VARCHAR}
  </select>

  <!-- 热门推荐列表分页查询条件-->
  <sql id="whereSQLByClubId">
    <if test="clubId != null">
      and CLUB_ID IN (select CLUB_ID from CLUBPLAT.T_CLUB_CLASS_INFO WHERE CLUB_CLASS_ID
      IN(select CLUB_CLASS_ID from CLUBPLAT.T_CLUB_CLASS_INFO
      where CLUB_ID = #{clubId})   )
    </if>
    and CLUB_STATUS = 0
    AND CLUB_ID != #{clubId,jdbcType=VARCHAR}
  </sql>

  <!-- 热门推荐列表分页查询 -->
  <select id="getRecommendList" resultMap="BaseResultMap" parameterType="com.longmap.szwtl.vo.ClubInfo">
    select <include refid="Base_Column_List" />
    from CLUBPLAT.T_CLUB_INFO
    where 1=1  <include refid="whereSQLByClubId" />
  </select>



</mapper>