<?xml version="1.0" encoding="UTF-8"?>
<!DOCTYPE mapper PUBLIC "-//mybatis.org//DTD Mapper 3.0//EN" "http://mybatis.org/dtd/mybatis-3-mapper.dtd">
<mapper namespace="com.longmap.szwtl.club.mapper.ClubClassInfoMapper">
  <resultMap id="BaseResultMap" type="com.longmap.szwtl.vo.ClubClassInfo">
    <id column="ID" jdbcType="VARCHAR" property="id" />
    <result column="CLUB_ID" jdbcType="VARCHAR" property="clubId" />
    <result column="CLUB_CLASS_ID" jdbcType="VARCHAR" property="clubClassId" />
    <result column="ClUB_CLASS_NAME" jdbcType="VARCHAR" property="clubClassName" />
  </resultMap>
  <sql id="Base_Column_List">
    ID, CLUB_ID, CLUB_CLASS_ID,CLUB_CLASS_NAME
  </sql>
  <select id="selectByPrimaryKey" parameterType="java.lang.String" resultMap="BaseResultMap">
    select 
    <include refid="Base_Column_List" />
    from CLUBPLAT.T_CLUB_CLASS_INFO
    where CLUB_ID = #{clubId,jdbcType=VARCHAR}
  </select>
  <delete id="deleteByPrimaryKey" parameterType="java.lang.String">
    delete from CLUBPLAT.T_CLUB_CLASS_INFO
    where CLUB_ID = #{clubId,jdbcType=VARCHAR}
  </delete>
  <insert id="insert" parameterType="com.longmap.szwtl.vo.ClubClassInfo">
    insert into CLUBPLAT.T_CLUB_CLASS_INFO (ID, CLUB_ID,CLUB_CLASS_ID,CLUB_CLASS_NAME)
    values (#{id,jdbcType=VARCHAR}, #{clubId,jdbcType=VARCHAR},
      #{clubClassId,jdbcType=VARCHAR}, #{clubClassName,jdbcType=VARCHAR})
  </insert>
  <insert id="insertSelective" parameterType="com.longmap.szwtl.vo.ClubClassInfo">
    insert into CLUBPLAT.T_CLUB_CLASS_INFO
    <trim prefix="(" suffix=")" suffixOverrides=",">
      <if test="id != null">
        ID,
      </if>
      <if test="clubId != null">
        CLUB_ID,
      </if>

      <if test="clubClassId != null">
        CLUB_CLASS_ID,
      </if>
      <if test="clubClassName != null">
        ClUB_CLASS_NAME
      </if>
    </trim>
    <trim prefix="values (" suffix=")" suffixOverrides=",">
      <if test="id != null">
        #{id,jdbcType=VARCHAR},
      </if>
      <if test="clubId != null">
        #{clubId,jdbcType=VARCHAR},
      </if>
      <if test="clubClassId != null">
        #{clubClassId,jdbcType=VARCHAR},
      </if>
      <if test="clubClassId != null">
        #{clubClassName,jdbcType=VARCHAR},
      </if>
    </trim>
  </insert>
  <update id="updateByPrimaryKeySelective" parameterType="com.longmap.szwtl.vo.ClubClassInfo">
    update CLUBPLAT.T_CLUB_CLASS_INFO
    <set>
      <if test="clubId != null">
        CLUB_ID = #{clubId,jdbcType=VARCHAR},
      </if>
      <if test="clubClassId != null">
        CLUB_CLASS_ID = #{clubClassId,jdbcType=VARCHAR},
      </if>

      <if test="clubClassName != null">
        CLUB_CLASS_NAME = #{clubClassName,jdbcType=VARCHAR},
      </if>
    </set>
    where ID = #{id,jdbcType=VARCHAR}
  </update>
  <update id="updateByPrimaryKey" parameterType="com.longmap.szwtl.vo.ClubClassInfo">
    update CLUBPLAT.T_CLUB_CLASS_INFO
      CLUB_CLASS_ID = #{clubClassId,jdbcType=VARCHAR}
       CLUB_CLASS_NAME = #{clubClassName,jdbcType=VARCHAR}
    where ID = #{id,jdbcType=VARCHAR}
  </update>
  <!--根据社团id查询社团类型表-->
  <select id="selectByClubId" parameterType="java.lang.String" resultMap="BaseResultMap">
    select
    <include refid="Base_Column_List" />
    from CLUBPLAT.T_CLUB_CLASS_INFO
    where CLUB_ID = #{clubId,jdbcType=VARCHAR}
  </select>


</mapper>